cookie,email,timestamp
a974a398-ddca-4cc3-9d24-ba061c78ce55,pgalbraith8r@bandcamp.com,2017-06-15 21:30:00.584
22f464df-6cf6-4944-bec9-03b62c95ae92,asaketgl@cnbc.com,2014-08-03 16:00:30.717
396e5412-99dc-4ee5-a14d-2c41558e33b5,rmatthewol@wiley.com,2017-11-16 16:26:39.399
4849b448-7722-40d5-ba09-286040d482c7,amacairth1@archive.org,2014-10-11 06:25:25.256
f89c055e-3316-42e6-8194-7c29ef23d18c,ncolmerar@ca.gov,2017-03-11 03:19:03.525
187d2a8c-51e6-482d-8ade-027cc971736b,vdrinan3h@apple.com,2014-05-19 01:15:47.125
445094e5-69e6-46cd-9a8a-775038f51eed,gboykettcd@illinois.edu,2016-11-22 07:16:17.414
4a35890a-9978-4382-bbea-7ca8f28c5fe2,klavissfu@exblog.jp,2016-11-18 04:37:02.956
4df7e414-a4dd-4da3-8e05-0279861a9db8,rhaskinskj@scribd.com,2017-01-08 19:53:49.607
5dd8305a-1639-42df-bedb-e4c6197b99cc,agrinikhinoz@sphinn.com,2015-05-13 03:57:46.016
f292a9ca-26cc-49ab-ac44-74f9a95770eb,dackersel@vk.com,2017-04-10 19:29:22.681
df108232-8e4f-4314-b79d-5af06fbad815,mboyles89@newsvine.com,2016-01-14 12:12:21.224
0c171995-38a2-4e8b-b215-fffa311f1a47,aexelbyop@acquirethisname.com,2015-05-09 05:13:52.169
64643093-4730-486c-877a-55eb2591bdbf,tdefranciscikl@auda.org.au,2017-05-16 11:48:52.587
cd9b3fce-0ff3-4376-8fe5-e2c545945f00,cbrownsetth7@jigsy.com,2016-09-09 16:37:06.445
28e0ed3e-6417-4e24-b1f8-718a30663ca6,rklausen9v@cargocollective.com,2016-03-03 12:37:03.656
255066ed-0b3f-4664-8fb0-8d24305f749b,acaulwell1n@weather.com,2014-07-23 04:15:16.191
12a9cd2e-9a24-455b-9320-f1d72e482549,cmeiklemmb@toplist.cz,2015-07-22 15:24:14.118
6e4ae433-a2bd-4d92-afae-c8b716fc9b80,dpicklesq7@wsj.com,2017-08-18 15:18:55.2
bc52a5f8-ec20-46a3-bd79-cf608a93120b,raseyj7@php.net,2018-09-04 11:31:44.122
6e24d4cb-2f57-49e9-85b1-917c1aa0c865,hluxen6i@mapquest.com,2016-11-13 12:54:52.328
f26fdecb-123f-442b-ab0d-23232ac1a01d,lredmonddy@ehow.com,2018-06-28 07:13:48.068
0645ae67-9487-45ba-93af-d4743ec78ae3,wraigattav@amazon.de,2018-05-24 19:13:07.098
5abeccb8-4689-404f-87d7-57be2a7d0f4c,dtiner4l@gravatar.com,2017-06-07 13:48:49.359
4328a0de-6f78-4952-9fb5-00082e090748,dsquirespn@exblog.jp,2015-07-29 22:00:55.31
b891f7c3-6bc0-42aa-8e14-451a75c6f47b,ebjerkan6r@jigsy.com,2015-09-15 14:16:32.054
512d9220-208a-4a3d-aac6-332ff3756dfd,gclappertonlv@cloudflare.com,2018-07-15 01:12:03.971
09bbe78c-aee9-491f-ab29-684aa7cc7f43,bskyrmit@timesonline.co.uk,2018-04-22 21:29:55.09
94003d2b-1f20-436f-8e6f-64e42174307c,iseymer6k@home.pl,2018-02-11 08:53:04.581
5633d424-8370-4089-9a81-a99f442d0b91,hstoteih@jalbum.net,2014-05-04 01:11:25.73
d4efa5b6-9a0a-4c6e-9a77-909eba86b7f1,jcastrof3@vimeo.com,2018-05-08 11:09:51.875
c0d608e2-68d3-46dd-bc7e-e52c451bf1ff,bdudgeonpq@nytimes.com,2018-05-18 01:50:22.229
ea7a4aa4-f11c-4d35-9e51-6064bf407015,rkilduff3@cbslocal.com,2016-11-18 22:51:36.631
72837a00-8c1c-47a2-a1c9-bb91a4357829,kstennetdd@yandex.ru,2014-05-05 09:05:21.838
6948e13e-66b6-4363-bd36-8cfcf8198d5d,dpatkin84@weebly.com,2015-04-08 11:44:07.796
99289db8-ed96-4da7-b2cf-3b674b412b08,email,2016-11-27 16:04:12.846
36922b13-ac1a-4bde-a1c3-62ac4f5f7074,yrosbothamjg@dailymail.co.uk,2018-11-23 01:03:05.037
70e28e11-9feb-40ae-bec7-06194e16fb08,mschneidarqr@seesaa.net,2018-10-23 19:30:47.148
f7b215d6-d55c-4176-9b0d-88ead7b35bb0,nnesterovqf@so-net.ne.jp,2017-06-14 22:48:41.152
06d10bc0-e788-4539-baea-95cd0e878d44,cronchetti94@bbb.org,2015-07-25 22:56:10.193
4d0b6fd5-41cd-4ace-8064-45e53ef1e573,umacginleylf@g.co,2016-06-13 21:17:13.438
a5fa08a3-b725-4d30-b714-25a2cc61acf3,cchallenor7a@jigsy.com,2017-12-22 13:58:33.154
47749691-39fa-4f60-863f-1356f7a9a5de,tcarabinege@yandex.ru,2015-12-10 12:59:41.566
25be4bf4-4d81-47a8-9d1b-ec1526499ef0,ucromett5y@symantec.com,2016-05-25 12:55:36.867
05227433-ad11-4d0f-9b29-28697fd31bb8,rbraithwaitept@creativecommons.org,2018-02-16 06:28:49.391
8eedcd8e-898f-4b23-8397-af98dde5f3ee,cboylesji@princeton.edu,2014-10-17 15:47:45.496
2477604d-8c3a-494c-b4f6-f153c10823b1,lnucator4t@uiuc.edu,2016-12-27 22:29:19.195
25107489-c0ce-4671-af64-7d37b3478b86,bwinmillfr@unc.edu,2018-11-27 04:53:42.514
f741f3a1-aabf-4a75-b1fa-ed20cef655e8,ewitherspoonpk@ebay.com,2014-03-21 21:59:56.61
b67d23b5-6782-4c78-9464-6e63bb1aa59e,jmeredithln@dagondesign.com,2015-07-11 03:14:15.803
f6b26018-8f95-49c9-84e7-2e6fd8e9cf42,jtanner40@guardian.co.uk,2014-01-21 01:45:46.815
b642e2ac-213d-4325-8a5a-76cd9ada79c4,jbloomanr8@elpais.com,2017-11-21 05:05:53.853
627915b5-f51e-4c67-b960-bca2682a7437,kmegroffhk@accuweather.com,2018-09-25 02:53:27.746
06edf02a-f65b-4266-816e-c40f75a7dd6f,lduhameloq@soup.io,2017-03-15 12:02:07.904
ab56307a-fcf9-40d4-a3bc-61a6f6f00a96,fcourceyax@ft.com,2015-01-23 07:07:03.007
8b3e8d51-7206-462b-ad41-31a778813fd7,soleksinskiff@pagesperso-orange.fr,2016-11-12 18:53:42.998
d3301599-ec3b-48f3-940f-f34af9eccec3,cgrissettre@symantec.com,2014-09-07 21:07:53.868
82f292ad-ce73-42a4-b1da-80a916aa8fc7,bhaggiec1@uol.com.br,2018-10-15 20:59:01.806
e0548188-6621-4c14-b750-b9b13af94029,sdethloff1d@lulu.com,2017-02-11 13:14:59.659
29543346-f725-41c3-bf99-c94031a3d18d,shacquelfb@reuters.com,2018-07-07 04:35:17.383
1443bc1b-a340-4e15-b70a-6e401e856564,seastopr1@bluehost.com,2016-03-13 14:42:24.417
44990087-7560-4dd3-9a03-64e3077448d5,yrolfe71@goodreads.com,2014-08-15 22:01:11.01
a517aa34-1b54-4bcc-87ef-1322f2aa8358,calishoner5c@jiathis.com,2017-11-20 23:53:01.823
715995b3-d042-4e50-ab67-57f8b95caca0,spaye78@scientificamerican.com,2015-12-31 12:42:45.426
7c470186-d647-47b7-8d39-809b569800c4,llachaizeov@addthis.com,2016-05-23 20:06:05.275
0e062463-6225-437e-b404-07c7ae321c32,kturevillea7@cbsnews.com,2014-11-20 13:45:06.123
c2750ab7-6826-4776-9095-4bddb7662530,jannesfg@tamu.edu,2018-04-03 12:18:37.353
7f2563cb-3ba0-42de-bb21-5739b746eba8,mbatcho6@blogspot.com,2017-02-02 20:11:19.211
0dcaed85-ff18-4683-b661-d95cd7929f2a,lsandfordds@pcworld.com,2014-08-03 21:20:24.941
4e2ada12-1dad-4995-b4f6-46af0de63b1c,kbrech8g@wp.com,2017-01-29 21:22:58.279
21afd21e-3015-4ac0-8661-45dcf7fc9587,rarsey75@boston.com,2016-07-17 09:19:51.289
4309906b-4d1f-4395-8d45-deb2c075b07c,etegler10@spotify.com,2016-08-05 11:44:40.348
9f151a38-48d4-4cfa-a5c8-45d232867df7,vkennetnp@elegantthemes.com,2014-09-11 18:27:14.519
eb44fc9f-6a3d-4b1f-91c1-c6379c5608e3,pstallworthykg@un.org,2017-10-15 21:50:51.258
a4bd0d3a-84e2-4e05-baed-272cc1c12e08,kriggoll45@opensource.org,2018-01-15 06:04:39.23
5c02d187-700f-46f7-aebf-0a63005047d6,awanstallnl@delicious.com,2017-01-18 15:28:26.546
981db486-6387-470d-b237-cc1c7c36edcf,rchastanjr@vimeo.com,2016-12-14 15:43:33.199
65c889db-aaa4-4950-bc24-89b4ffa94b03,learlamc6@pen.io,2016-09-10 20:33:42.857
611f5cae-651d-4d4d-b3bf-43b1a93f2423,rfouldescg@illinois.edu,2015-12-03 04:29:58.582
63ffb04b-b24c-4bcd-804a-09f3217994fc,vtripp5d@state.tx.us,2014-07-22 18:28:16.02
c4708367-ba68-45fd-b36b-dcc4ae1fc223,jdurnford6q@nature.com,2015-05-20 03:11:31.796
bbe0373e-ebae-4658-b72a-5ce70f772fec,dvearncombelq@ftc.gov,2017-05-10 09:30:20.21
1dbd54a9-9698-43e7-bd8f-afb768e3dd9f,aolongainor@example.com,2016-11-13 01:42:41.984
d7ff358d-1b90-4203-a282-ae5387486dd5,sroebottom79@msn.com,2015-05-01 18:23:44.216
50f8c44f-a1a9-4372-9fd5-bf1f898e3f65,pdymottal@cbsnews.com,2017-05-26 00:42:38.852
1afd761a-8743-40df-ba14-aa15d4ffa198,meglinkn@cnet.com,2017-04-01 21:18:15.319
a4069cd2-323a-4204-b199-045b6d0cbe1f,bkidstones@wisc.edu,2015-12-30 18:09:37.536
4404960f-5102-4e6b-b0e1-3e4fd1a7eb48,mpavelka2v@unc.edu,2017-10-27 18:56:57.908
b39c4f23-967f-48fc-9f39-bfcf9a0e1101,scuerdalep1@ox.ac.uk,2016-01-21 20:02:14.313
4e3b2437-9927-4dbf-807c-b796d5c9777b,csouthanft@jalbum.net,2014-07-03 16:05:13.937
3e92852a-937a-4116-a48c-3fb34fb9d6f6,dnancekivellex@dyndns.org,2016-08-22 11:11:35.926
ac377249-b450-4ede-95ae-8dc5ad4cc771,zlovemanmf@boston.com,2015-03-27 01:15:16.243
5bbe9d2c-8c74-4988-9137-0088cbb3cca1,kmcfetridgeea@multiply.com,2014-04-19 21:10:30.235
31e06c34-f451-4984-aab2-9e4fdf760853,hsaxonnk@vinaora.com,2018-12-11 12:10:49.061
bbdd0310-b138-49e1-ae44-1309dd1306ae,sgrinvaljb@acquirethisname.com,2018-08-27 06:47:54.149
a380ce73-cd06-45d5-b37e-6a7b1c2920d9,ihenrionotf6@tamu.edu,2017-12-03 14:04:55.338
00819fe9-aed6-43ab-9d60-daa178a41100,aocannavan16@addtoany.com,2015-05-17 18:40:12.228
5e404c1f-bca4-4ed3-8678-dfb211ca0edc,jivanind3@slate.com,2014-06-04 09:20:59.057
3f55433b-71f4-42d3-ba05-6b4c840d7d17,spott47@mayoclinic.com,2016-08-28 23:51:47.0
21104260-c830-45c2-9e70-ccdfa369c821,bgermaine6j@noaa.gov,2015-05-20 15:30:07.453
5e75f858-1053-448c-bf97-f0436d8079ee,cklauberao@dailymotion.com,2015-05-23 12:03:40.129
bbf4616a-c1b1-4206-a2ba-0516faa861e3,hguyverrj@intel.com,2018-11-04 21:56:10.882
0d594846-e563-4f48-adcb-000ab309a58f,kstraunog@businessinsider.com,2017-08-29 00:50:36.705
704123c5-24b6-414f-baeb-5b8316bfb695,eoreillydb@blog.com,2018-07-01 18:35:25.791
373609cb-d0d6-464a-9f59-a820c71ff68f,sclemoesic@cocolog-nifty.com,2018-06-26 00:51:06.604
c2c96f79-be96-4899-baca-a382b1488aa2,taprahamianhc@issuu.com,2015-12-16 20:51:45.817
177b49e6-4849-4dd6-ad8f-977dff31c8ac,dpicklesq7@wsj.com,2015-11-14 08:27:57.384
bf3cd697-e3dc-4397-9590-e18305a76f32,rchyuerton25@columbia.edu,2016-04-26 08:16:12.971
99f2a0d8-b74b-4146-b0fe-11062a2dddf0,llachaizeov@addthis.com,2017-09-23 19:20:50.07
9458c780-f362-4824-a2be-aeb234d58459,dcarluccio32@tinyurl.com,2014-10-20 23:20:47.922
707f35e9-70b7-4850-bade-80c41ed71a5d,dnancekivellex@dyndns.org,2015-07-28 02:09:23.207
d6aaaf27-f6db-4389-ba50-47bfef483fa8,ncoultg7@webs.com,2015-11-12 02:46:35.277
e6f3830c-ccec-4873-8592-9e40f6bd8e36,kfeasto3@meetup.com,2018-04-21 13:56:20.147
24cffcf6-76ca-4986-98bc-18e78a954d2b,emorandk@springer.com,2016-07-28 15:19:13.385
1837cb67-5ecb-4ccf-b00d-1fef42b80988,shadlington3z@bigcartel.com,2018-12-10 22:19:03.509
f7cce73e-2367-4472-a072-e55565f13017,emostenah@shop-pro.jp,2014-05-16 15:24:50.935
a9ee3044-2878-4156-9623-ee6678dde451,nwhiteheadls@miibeian.gov.cn,2016-10-02 06:37:05.555
bb142302-b738-41c5-bdab-b407504c4d0a,cpollyjf@barnesandnoble.com,2018-11-16 21:22:11.008
d888b431-969b-4e2c-9c98-1cd5ccc20103,ahanselmannl0@dagondesign.com,2014-08-20 17:31:20.656
ff9c1523-4472-4c7f-85e3-7447ba749726,croggemanef@princeton.edu,2015-12-13 09:40:34.015
16c5cb05-3ff5-4d2a-ac3e-a09f903e0a6c,dkoresoh@etsy.com,2016-07-05 21:32:08.427
0ac1ab79-0918-4deb-8efa-26abff5b7cff,tcarabinege@yandex.ru,2014-07-12 11:03:41.975
dcc2e7a4-482f-4a9a-bba6-fc9041e373a4,dnickollnf@auda.org.au,2016-10-24 05:16:48.755
89280584-4cb4-4afa-b1a4-824df89b29fd,gbennettmr@psu.edu,2015-10-26 01:36:54.427
d0eae99b-5335-472a-a105-00b53a880ea5,ceuston4u@nyu.edu,2015-12-13 21:41:49.066
0eb49816-4b41-4f38-9126-6d9df0ecfd2f,amasic66@is.gd,2015-06-30 07:14:34.319
17a0c3e5-ba43-46b0-bf19-837c0f183dd1,acokegd@yellowbook.com,2018-12-18 14:05:27.351
a52b888c-1883-4642-9638-03d544d0bf51,lousby7k@w3.org,2014-03-16 16:37:49.349
72d55f35-e19d-4449-a47b-0c9271ab7330,atukesbyrq@soup.io,2017-04-25 05:12:52.199
850f7bb0-434b-4aba-95cf-57fde7094a03,jariascc@bing.com,2017-03-05 21:07:32.134
846ecff0-b168-40b2-b19c-95a0a0fb0f16,tbotterill7o@discovery.com,2018-08-20 13:47:16.402
acf58a9f-78e2-463a-87f9-8e28dd6c7815,gritzman1l@google.ru,2014-06-26 01:29:46.994
0a948724-aebf-43f0-bdf1-2af2a9df1ebc,jbaglan5s@auda.org.au,2015-11-08 12:48:58.14
8886fb29-dd5d-4d31-bf87-e445447307f7,gtezurea5@storify.com,2014-11-28 13:28:06.953
4e5785c4-8164-49de-9fde-18c8bbf56aeb,gcoddringtonez@youku.com,2018-07-22 02:55:47.696
6bfe1961-27b8-4a01-a3c1-318debe7a31a,bleeburneab@sohu.com,2018-04-17 11:52:28.788
14ed7e5d-1cd9-4d50-b12a-13114f168810,mmillington63@over-blog.com,2016-05-28 00:47:08.368
6ea08e89-34e2-4441-834c-db9257d0e98f,gdalgarnocht4g@sina.com.cn,2017-07-07 01:30:10.289
5d099eaf-1179-4486-94d9-0cba8dc5bb5d,akrammerau@weather.com,2015-04-28 00:11:41.154
484562a3-bc1e-4c37-af3e-9d8f5bb559fc,kmablestone5q@nytimes.com,2016-04-18 11:42:33.032
19bd578f-b914-440d-8908-bf63f3e6c8f9,alaurenceaum5@washington.edu,2015-05-09 04:14:25.792
937c6336-ebb7-4ad0-b0d2-ce7841879c8c,dupward8q@mediafire.com,2014-09-12 08:13:02.313
89f7c089-008a-44eb-9d80-f0ce1739aadb,jrogierbx@vistaprint.com,2015-12-13 19:19:29.173
0bff3b2a-1292-44d5-a4e6-bd4abc061b95,ccrokec3@edublogs.org,2016-08-26 16:02:18.544
9d5979b4-d154-48e7-a784-e96ff6bc215c,dnancekivellex@dyndns.org,2015-09-15 19:54:23.606
79f5168b-10c2-478a-9855-723f3e6d2491,ckaserf@google.de,2016-05-19 20:37:00.261
cfe4cd20-d129-4a69-9b88-02f59ae72e43,aarchambaultfl@delicious.com,2015-01-31 00:47:03.871
c9461f3b-2245-4bce-8295-5f84fe34e3c7,gsprossonnt@technorati.com,2018-06-18 09:25:55.927
24f75ab2-a28b-42c4-b6c1-b6dd55b20cab,fsneden6b@npr.org,2015-07-27 11:54:35.307
834c8130-40c9-443c-8b56-888c1b4865d5,dmadred5@mit.edu,2015-04-30 16:35:00.375
e36edbcd-4a80-43d5-9fa1-ef55d6c1071a,tphilippart6d@disqus.com,2018-08-04 10:52:52.364
62fff68b-6801-4155-bc28-5effa7954671,adawberl@issuu.com,2015-04-13 12:59:17.788
85cc8d65-86e7-4fb1-b01e-ae53bf37e29b,egoodisonh@cbc.ca,2018-10-02 09:52:22.53
08c733a3-8438-405d-bda0-5e0d0052dbed,mbonefantbc@indiatimes.com,2017-12-21 23:56:23.549
65c2f76c-13b2-4628-a5c8-b085cc7c70cb,cmckaygu@boston.com,2016-08-29 10:06:12.665
1b1d8d52-89a6-48a8-a1de-0abb595d3165,hlionel6@psu.edu,2014-03-22 10:47:02.392
559aa039-a8c5-4ea9-a778-9fd104675378,ljexo1@ask.com,2016-10-16 07:18:38.956
e2cfbdf5-4605-4879-9432-940557a7fc48,kbolstridgefq@webmd.com,2016-01-25 22:48:53.306
5f90e399-b2de-4c63-8286-256fd9af9377,vmaccarrollq8@ucla.edu,2015-02-22 22:56:43.974
99757a1e-8c3e-41ef-a6eb-7334d5bcf2b0,vmaccarrollq8@ucla.edu,2018-04-16 02:46:04.918
73680a86-a7e3-4320-af4c-a2516d89a4f5,dpicklesq7@wsj.com,2015-11-01 07:37:54.999
3688df75-f418-4fd7-8d38-32d9a9ea0f8c,grevance1t@netlog.com,2018-07-05 23:35:13.033
4fec0e9c-d3e0-4233-9c92-e5da78188905,kmaevela8v@blinklist.com,2018-02-28 00:58:37.468
01d36a36-6f98-46db-80d0-d6e893f9ebb6,hthornebarrow42@skype.com,2015-06-04 02:43:48.117
dea6d651-3c7b-4265-8fa8-777cdd4d3392,piseton5l@yolasite.com,2016-03-04 10:44:34.268
dcf0bf12-79c2-4134-8959-e96a2a00c08c,dpicklesq7@wsj.com,2016-09-29 06:20:41.367
6dc77bbf-6b89-44da-a791-eb863ab2c862,bdreigher3g@homestead.com,2018-05-26 14:37:53.078
5b9b094c-874f-4aeb-a322-576249cd3fe0,spallyg2@noaa.gov,2017-01-29 23:56:09.256
3e25f396-43d9-4168-8455-df4a4ac6bf8d,kblondel8c@howstuffworks.com,2015-04-11 22:13:02.392
c474a9c4-c859-4fc7-9fca-d252ea216263,ccicconettii7@wordpress.com,2018-04-14 05:50:43.064
efe82f8c-e086-4686-b851-0775314cadc0,ofairecloughfs@house.gov,2018-09-04 15:26:26.924
dbe98721-db1f-4888-acfc-ebd405ffed1a,dbrayshay1m@deliciousdays.com,2016-05-04 08:39:38.428
587e437e-d090-441b-b580-b92d93d0a340,nculveraa@unc.edu,2016-03-25 01:12:50.492
0984607d-1d55-426c-bdcd-ee98747859c3,scatherickm7@discuz.net,2018-02-18 00:11:13.854
4ae1408d-dc00-4d20-af31-95cdf36e07c0,glaughton6v@google.ca,2018-06-22 07:39:30.251
f42ef2c1-60b0-444e-9975-669d73763d2d,ahanselmannl0@dagondesign.com,2014-03-29 22:33:38.622
803639a2-5d5f-498e-86a3-577d6689b084,rseabongp@webnode.com,2014-06-12 11:16:05.958
7c26d291-4182-424d-9b3d-ad54647bcd30,rvolkersjw@qq.com,2016-05-27 17:08:21.117
eef4fd6c-f8fb-43f7-86a6-fbfb5bbead23,gamieset@newsvine.com,2014-02-17 02:49:42.665
1b4569ce-d2e7-45f2-980c-57bc7362ac5e,palessandrinimm@princeton.edu,2017-06-14 15:00:05.793
bca65d08-afd8-4df2-9f2e-d3d2c37e9291,sdinnisqk@hatena.ne.jp,2014-04-30 13:01:20.956
6428d299-8fcd-46ca-bb5e-88b55d0508e1,rmatthewol@wiley.com,2017-12-29 07:57:50.421
bc5587c8-50dc-40cb-bf4e-576c6528b6cc,rhuytonqd@cnn.com,2015-06-09 04:51:00.004
1c52efb2-a1a1-4dad-87ee-d0c0667391da,djudd26@google.ca,2015-06-15 23:35:03.825
0e08f144-6b68-4ee6-af3a-d89111c1505e,tfilyashinnz@godaddy.com,2018-05-10 15:59:19.311
0efd37fb-b360-4940-8654-bf350fcbeeff,ftolomellidj@twitter.com,2014-12-08 16:53:08.95
96b36775-8310-47a0-861a-2f4297dd83a1,mcarriagega@wikispaces.com,2016-12-25 22:37:42.048
5a8674a7-7b3a-4c92-8517-e5069c4d6cf8,jglennbz@geocities.jp,2014-02-20 09:40:56.421
d9fd9c11-ccd4-4423-8eed-5251cec65387,hspringpv@prnewswire.com,2015-09-09 21:49:12.383
929e6de9-008b-4f06-abbd-ebba5af9a119,csemkenn1@ning.com,2018-01-10 17:37:07.182
72172376-52d1-4f80-bd1a-953291ea68ce,jberthodgw@qq.com,2018-08-16 09:07:56.889
5a0f6b1b-6a04-425d-b4e3-e6008bf47a0f,nbullcock8j@devhub.com,2016-01-13 05:58:16.943
db8eb5ae-0357-41ec-85ef-e890810a681f,mtuohybr@upenn.edu,2014-12-31 06:55:45.66
4be0515f-a3e0-48b9-a9a4-3e72c91a4398,grevance1t@netlog.com,2017-04-20 06:16:05.951
d7a016cf-b85e-4f33-af93-c6c42bf94cf5,sclairek@tinypic.com,2018-10-13 16:41:39.999
95c218f5-c073-4c0c-ac82-7004f3a29ee7,lparkhousely@craigslist.org,2015-07-07 04:05:13.622
c6665d4a-869f-4d77-aa19-3a537c9e4b6d,syarnleyli@springer.com,2017-08-21 03:13:56.125
505a0468-aa7c-41db-b277-29b9ca1cc0de,gcoddringtonez@youku.com,2015-04-04 20:10:33.488
b9f119b3-ba56-4c77-94e5-6728a2a702d4,cridingslt@infoseek.co.jp,2014-03-07 00:03:22.892
effa513f-614f-4529-bc07-e07ac24b764c,cbhareq@liveinternet.ru,2014-11-25 21:19:12.167
d101697f-a3fc-403d-8fef-db14832692e8,kstangerae@goodreads.com,2017-09-28 15:22:34.28
d2f6bef8-2bc5-4d26-9b9d-1978acc92180,jberthodgw@qq.com,2016-01-30 21:50:27.627
3cdfc17d-72dc-4bb2-99b4-999a23b49775,jtanner40@guardian.co.uk,2017-09-03 16:21:33.115
2a589a95-a390-4d29-a404-5642f24910e2,sclemoesic@cocolog-nifty.com,2014-10-28 23:54:12.909
5494c009-7045-4846-847c-f49812905b3c,dcowpertwaitj5@w3.org,2018-01-17 14:20:07.464
a60ef42f-2a6d-447b-a592-761f20c1289a,alangstrathg1@addthis.com,2017-08-16 18:17:06.833
da5fac01-8504-4966-b77d-d78245c22f89,palessandrinimm@princeton.edu,2014-08-29 18:06:00.121
36840de4-2127-4dbf-806e-fce1e5ccc412,vmccoy57@dailymotion.com,2018-02-08 03:49:06.854
926d059f-ba1a-4640-a0b6-705429dbf962,jtanner40@guardian.co.uk,2016-06-03 19:57:03.086
414c8c83-2a1a-4a00-a75b-c50a3420bcd0,ljexo1@ask.com,2017-08-31 20:03:57.46
bf753e88-2f97-4b41-8c60-4791be668f35,dtiner4l@gravatar.com,2017-05-05 04:57:08.083
fadc73ed-fcb1-45ef-91d0-6d5991ec54d5,mdrinkwaterd7@deliciousdays.com,2015-02-27 22:30:19.461
70a66179-12cc-4f15-8f2a-3f39463e1aac,meglinkn@cnet.com,2015-04-18 15:36:01.377
6612984e-beaa-46a0-8af1-87375f0e10fb,gvokes4s@nationalgeographic.com,2014-10-20 02:38:44.23
527986c0-f14b-4db6-9da8-b511eb9ff229,pduplantier7p@people.com.cn,2016-09-25 01:33:53.64
06c20e4b-b502-439a-a9cf-bc5998a65d3b,mmeys6s@jimdo.com,2015-03-10 10:03:40.734
2c229f51-cd69-4d18-9ac3-ea1768ae9593,mmartinettono@theglobeandmail.com,2016-12-30 17:17:50.681
8de8ce6c-f847-4cc9-ac28-09ef3e17ef70,rchastanjr@vimeo.com,2016-04-20 12:06:05.572
0ebed9ed-15b1-46db-9ca1-ed14023df276,bpeschkeif@blogspot.com,2016-01-14 12:23:33.796
3580e0bb-1266-4bef-9e8b-1db9b8d28807,vtillot68@google.de,2018-05-19 20:19:29.068
29eb7123-7912-445d-b52e-b510a6efd835,gcarlyon5p@ca.gov,2016-02-22 20:04:35.956
164c3dba-4ea4-4cd6-ae5c-f85599d44ddb,fgoldstonk8@merriam-webster.com,2018-07-03 02:42:03.747
494ea1df-2047-439a-bdcc-b77db1d87253,grathbournepo@instagram.com,2018-04-06 04:35:39.438
9518117d-60c0-4bc7-9ba3-a194ae537095,dlowersq2@bloglovin.com,2014-01-03 19:25:06.78
9d445674-ed70-4f1d-8eca-b8e5318b4fc4,mclaraeba@si.edu,2018-11-05 13:09:19.471
cec3d977-6dcf-4451-b17a-41dd9ccf08dc,cwarsapbn@amazon.com,2015-07-16 04:51:25.255
38c6421b-f79e-4287-b990-7470260adcfe,dplaskittby@cloudflare.com,2016-08-17 01:02:17.351
2bb84dff-c825-4763-b3b8-21fdc56a6305,cbearcroftlo@so-net.ne.jp,2018-07-14 23:13:35.191
bd154880-8dbe-4692-85ad-eba613439574,ldiablebi@twitter.com,2018-04-27 02:55:32.597
8d506199-48fc-4672-ad1c-c1ef5f04eccc,cwillarsgo@nytimes.com,2017-10-24 03:29:52.524
4c1a7d96-4638-49c9-983f-7d8558cba7ee,itaguep7@naver.com,2017-05-07 06:06:27.316
9d30c217-0dce-4094-87d6-37c6af3e0818,ohampshaw5m@nationalgeographic.com,2015-10-31 11:37:43.629
c1fb5f6c-bf3f-4ba9-95b8-ba2f8c85f2d6,jariascc@bing.com,2014-02-16 13:36:53.416
9d7dfb21-7daf-41e3-a4e0-d809a4dde892,zlovemanmf@boston.com,2017-02-16 16:18:51.826
8729f726-0a3b-4e80-8011-a18d4be713a2,bmaccookhw@ca.gov,2018-10-25 12:55:07.799
359b31c0-5c40-4196-bdc9-46e748daee76,kmalem2@ucla.edu,2016-02-26 01:50:13.496
10d2545f-c78a-465f-860a-62097c121b1c,qchambers59@friendfeed.com,2018-10-07 18:03:26.177
af3187b3-2740-404a-83b4-7d3fc9e8210a,mbearcroft3d@slideshare.net,2016-04-14 16:22:26.486
bb77d177-edc4-4762-85a9-edf377befc1b,lroelofsenb7@printfriendly.com,2015-02-11 18:10:12.066
0ddd3cd5-e44d-4b0a-a2a7-a225aaea5a6b,jdurrettkk@theglobeandmail.com,2016-10-14 09:54:00.274
7c37201c-e402-449b-8af0-9c1275dcc4dc,fcorkel6x@ca.gov,2015-10-06 19:23:26.019
6034a241-f4af-4ebf-ab81-4befca3389b7,dluckesem@redcross.org,2016-11-03 22:04:31.335
b1edfc07-3672-492a-bd8c-79625bbeb1f1,tcoyten4@wp.com,2018-01-04 21:08:34.559
05f9319b-1d1d-4aff-8f5e-82d624985467,dbumpusig@google.es,2015-03-10 08:17:24.113
9c918890-7b5c-4c17-bd0d-5532174efb55,nmacnalley7t@google.com.br,2015-11-05 20:59:02.46
9b082dc8-08d7-49d6-9b08-24205e695e3f,bginsie23@fotki.com,2018-11-13 00:31:30.545
37c8ae3d-d968-4ec2-b98b-ed45217c4ac4,rpaniman9t@tuttocitta.it,2018-04-22 03:42:18.028
d94edb40-c97a-4bfc-bf4b-c5ac41b95449,wraigattav@amazon.de,2017-12-31 13:56:18.03
631f692e-25b4-4a65-9f39-c6d33b2d4614,jmeredithln@dagondesign.com,2018-12-07 12:58:22.383
2c435db5-fdf0-4302-b500-5bd1df728dbb,lmarkussen1u@purevolume.com,2015-10-17 07:59:41.462
54e2e7bb-1ddf-4309-8361-98aaa91ab3eb,adionisop4@salon.com,2016-06-17 21:50:19.266
bb4a659d-e644-45b3-b917-b6808874d0b6,dplaskittby@cloudflare.com,2015-07-04 06:46:09.574
ede16472-24d0-4f20-9be4-b25d49309909,ablasettilm@uol.com.br,2018-11-28 23:27:56.366
8d2f8d9e-c907-4412-abeb-f3dde7513771,kgornarhx@dailymotion.com,2016-11-09 01:34:30.324
50dbfecb-09a6-4dbf-9a5c-725f51465252,erockinghamy@pen.io,2018-12-14 17:01:55.705
7d4d2579-dc46-45d3-b840-b3b28cd58d8e,bgermaine6j@noaa.gov,2015-01-07 21:11:47.059
cb7ca111-c891-4562-b13e-0af1bbca8801,smanstonhh@bloglovin.com,2017-03-10 12:20:27.004
4164ac57-f75f-41ee-b357-4e36ab4f5bf0,zcoppinlp@hud.gov,2015-03-15 15:40:10.904
0dcf72c2-d7f4-4496-bff0-a808e99e3752,ctabrettkf@harvard.edu,2015-08-17 08:09:14.814
85a63efb-86bf-4d6a-8f0b-d51bc1323aa2,bpachecohy@edublogs.org,2018-03-07 04:16:01.511
b6aa75a3-f6d8-482d-be22-bda5033bfaa9,syarnleyli@springer.com,2014-01-14 17:35:18.396
2d0f883f-5baa-439e-adbf-3aeac11f1898,nwhiteheadls@miibeian.gov.cn,2016-07-01 03:17:36.324
49c40851-837d-4184-a657-06cedbd07717,uballancen6@virginia.edu,2018-09-24 13:20:53.663
e0ec0d9d-9f84-4087-a849-5c168b2fc5a3,mandrelliq9@creativecommons.org,2014-05-01 00:53:00.348
c4295b05-ac7f-41be-a917-cbd73dca32ba,amattschas9y@bbb.org,2018-07-22 07:45:07.75
c2bb77cc-5c4d-4832-8dbf-b82a1519eee1,cstrotonele@globo.com,2015-09-22 02:09:34.01
3ff7e306-6cfa-4da5-a5db-19be39d3cb0d,lspellecyla@t-online.de,2015-12-05 20:44:19.245
16610e9b-b4f1-43b5-81ca-69a5bd616348,abrowndf@cam.ac.uk,2016-01-04 00:41:22.916
6d127960-724e-4363-a0f5-2d41305b129a,mmulleri0@ca.gov,2016-11-28 18:31:07.455
1e17a09f-d4d4-448f-8fde-21a4c054060b,kmegroffhk@accuweather.com,2017-11-28 04:05:01.762
22b12c5b-c206-4e06-a31e-522dccf24a10,srough5x@fda.gov,2014-09-25 13:52:48.214
a4cd40c9-f8e4-43ab-aebb-cc82f1365401,mgibbetts1g@wisc.edu,2016-01-20 18:32:46.305
121a7928-0948-4d6f-b39e-8734b68ed1eb,dackersel@vk.com,2018-03-25 15:21:17.875
9cd0acca-2943-45b2-a61f-70aa1410c7fb,marend2p@flavors.me,2016-09-28 09:28:33.942
fda9e046-4d3c-47cf-ac57-fd963b9a16ec,bmaccookhw@ca.gov,2017-05-06 12:55:04.282
af0381cd-e72a-46cf-9809-faf2615eecac,rfrowing4j@seattletimes.com,2016-12-28 20:22:03.609
824eec64-0a89-4a6d-b08f-9521ca56f044,bmchan3y@elpais.com,2015-01-16 04:20:43.893
ec117317-93c8-4c79-9eeb-d5c13217b032,eshiliton3k@hp.com,2014-05-21 23:17:56.015
6ec63941-4df9-43bc-843f-ca0c53b17696,bpachecohy@edublogs.org,2016-10-09 04:09:19.05
4ee16a09-bf34-4505-af05-8e9a6d6c4696,brudinger64@t.co,2017-03-09 14:40:49.4
a567469a-6406-4593-9732-f29863bd5809,maustinga3@a8.net,2015-09-26 10:51:31.614
7174cd41-6572-4733-91c6-5fb94b10b117,lwhewill6l@constantcontact.com,2018-04-10 04:08:19.547
564c4583-05cf-424f-a280-7c9b905f56cc,edelgardobm@angelfire.com,2016-06-21 10:23:34.489
83c325f0-3ed2-4b3f-a39d-ed6ea8b4107d,dupward8q@mediafire.com,2015-09-11 22:36:48.842
82da8290-f01d-48ee-94c6-b33b81d84f8e,pmackaileq5@wordpress.org,2018-11-22 04:14:10.18
9a438736-e1c9-4291-9907-76d85fb56549,spallyg2@noaa.gov,2016-05-22 02:45:44.578
dc1d849b-6598-465e-90cc-b13999ffea87,pdeeprose7g@biblegateway.com,2016-06-18 14:09:00.967
95e40a46-0b16-4db7-8dc8-7393bd54a743,rcouchd6@discuz.net,2015-11-26 12:59:50.173
a260e19d-a081-479c-b871-c9edd2721904,mmecchiks@independent.co.uk,2016-08-27 06:31:03.038
b160710c-3c0d-469b-a983-ab0705d0788e,grobinsoneu@deliciousdays.com,2018-05-15 12:32:58.1
67e19b6e-0de0-4561-be1b-0a96d0d6ab48,mspracklin8f@usa.gov,2017-01-13 00:31:23.142
8e95ef58-1255-4169-8dae-701a334dcdc6,mscorerc0@globo.com,2016-09-28 19:39:46.874
39c3955f-17e9-4930-a71a-d32cd8cc9c17,ktompionbo@php.net,2015-07-21 23:34:09.923
a168880a-7a35-4696-8df0-0cf72d6a066f,mmckennan54@linkedin.com,2015-08-28 01:03:19.979
e92ce93d-f63c-4f7a-b3b2-3367cd12324e,gzisnerosu@drupal.org,2014-09-08 05:59:36.618
8ff74148-f92c-4b3a-93c9-dec3c7c36d80,dknath55@jigsy.com,2016-11-01 00:03:42.787
012ff80d-f52d-4e25-ae0b-93b73d2f8c94,dackersel@vk.com,2016-04-15 19:09:13.825
f91274f0-3500-4338-be60-3a1be55a6b9c,rmcquilliamqo@cnbc.com,2017-03-08 01:56:24.599
99c7eb67-8871-4ec0-9462-47f13028804b,tbotterill7o@discovery.com,2014-12-22 00:53:48.327
ac1dabd8-9f77-4aa1-95ec-9f87b6c0a3dc,lcohenmg@si.edu,2017-11-10 03:35:57.51
e2dba09f-e825-4cbe-b234-eb20ed5b6188,nwheelwrightc5@istockphoto.com,2014-01-20 02:38:55.057
28b8380c-dfaf-415b-a09b-20e9be4a6d19,tnuttall2q@icq.com,2014-04-16 05:20:38.105
18e0d254-ef8f-4a18-8b4f-44fe99a83d33,ewilcei@parallels.com,2015-03-04 16:03:30.59
2c7b17d6-3e20-4cca-9766-45a1f7edbfd2,aocannavan16@addtoany.com,2015-04-28 01:17:58.252
455cc4cc-a865-487e-a073-d280bfec0ba0,nbrockestc8@networkadvertising.org,2016-11-20 23:14:30.002
083fc766-4e62-463f-947b-8b13e19059f9,aolongainor@example.com,2018-01-19 07:58:25.334
2f4e55f6-bbbb-4303-ab24-0f431482428c,gdupoyqw@homestead.com,2018-07-29 23:18:22.188
3f3e3d1d-04a4-4f4f-879e-ce6e66c8a5e0,bottam9k@jimdo.com,2014-03-13 07:52:35.622
0ffd53bf-753c-4b33-b52a-17d3429875f3,srenvoysak@moonfruit.com,2017-06-14 17:02:14.261
48470838-9cda-4b5d-b002-fbb895fddb7e,ohucknall8z@sfgate.com,2017-10-14 11:10:42.845
31ce2245-726a-45ea-8d81-881950ddf17b,ggiacomazzo6a@taobao.com,2018-04-28 18:56:38.301
54a2334c-e2c7-4510-861d-2043be6e704c,mquarless3u@posterous.com,2017-01-16 16:43:16.543
0a0e3912-e913-483e-bbc2-48f488f72966,kbirchnerl3@europa.eu,2015-04-09 09:44:01.987
ef021038-620d-44a5-afb8-c955727d3c51,wrodenhurstja@histats.com,2015-04-18 12:54:05.225
8cdb431e-5558-4ff2-a18a-62a3c10f616c,abrowndf@cam.ac.uk,2017-04-15 15:42:09.736
c7cafb02-ca15-4925-a5ea-fe2e8b2263e7,loffaan@sphinn.com,2016-11-23 01:47:32.363
c4020527-7bef-4402-80cc-eabaa7158369,kturevillea7@cbsnews.com,2017-04-13 08:19:19.931
87a1d42a-919d-4967-b9bf-c0a8169eeac2,lredmonddy@ehow.com,2018-04-19 06:28:20.139
a1de3e6e-4f9f-40b1-ba13-f231c63d799e,jmccroarymn@unc.edu,2018-07-09 17:56:55.746
9172d343-b6b7-4d50-a057-238fedf12265,jmaccague13@geocities.com,2014-07-24 04:58:29.304
1ac3e5d1-b964-4858-94c9-b4d0f53f9c65,jedwardsf8@angelfire.com,2016-12-25 17:05:05.667
2acbc2ab-4a43-4ef6-870b-3f2c030bea99,tzuker4@wsj.com,2015-07-30 17:45:57.875
3f78c05a-8d5d-4480-a192-a2c3680225f2,aeloi5z@smugmug.com,2018-02-28 09:20:46.877
4024fb1e-ea79-41c3-8192-196b3b05bbec,awanstallnl@delicious.com,2015-01-26 16:03:31.986
92387a6b-c9c5-43dc-8488-de4fcf8d12d8,rsliddersdx@de.vu,2018-01-06 17:54:07.168
be7e975b-244b-43d9-beb0-eb3a284d462d,lmeffanql@google.fr,2014-08-22 16:26:03.172
95a17a78-70e0-4bf4-b03c-db60dc7cf267,mblackborowom@squarespace.com,2017-06-30 22:27:29.631
b8be838f-f0c8-4f28-8157-24f5b292f066,smccahill2h@zdnet.com,2018-08-13 22:04:15.067
cd28028a-16b6-4463-a97e-0c0510d692ec,tcarabinege@yandex.ru,2017-05-10 01:40:21.399
71208873-1a94-4a2f-a064-39c9ec09b522,ccicconettii7@wordpress.com,2014-12-31 21:41:15.923
52664969-724e-4e0e-9940-ec84f0aa3943,chullnv@stanford.edu,2017-02-06 21:54:04.457
743fee6c-b346-45bb-ae9d-b2f91ed9f6c2,cbraneyd4@newsvine.com,2015-09-17 09:21:12.397
16cbbf0f-f491-409c-9c70-1e09e9f71576,pocklinap@artisteer.com,2017-08-07 06:58:31.32
32507264-d4c7-4481-a141-ef91892de51f,gghiraldi7r@furl.net,2018-10-28 10:17:55.69
452677a3-1f88-43d8-96e7-84b6d54724f5,grousf1@umich.edu,2018-07-25 09:33:55.162
429c1b2d-7bd6-496e-a239-619773e791b9,lroelofsenb7@printfriendly.com,2016-04-18 09:23:26.36
3fe2bf0d-50ed-4934-a2bb-9c77077055a1,lparkhousely@craigslist.org,2015-01-14 00:07:50.139
2901fedb-6090-4640-9d7b-32ecea1f099b,kmcfetridgeea@multiply.com,2017-04-26 04:19:49.125
bf22bc46-c98c-418d-8b5d-58c0d51862bd,ihenrionotf6@tamu.edu,2017-05-06 04:03:17.398
9c1b068b-3e42-458a-a981-aa9f55947683,cdesport3b@squidoo.com,2016-02-28 16:05:02.419
5bb29823-3c2a-4d88-ab69-9011ec408688,wvatinio8@4shared.com,2018-03-26 04:58:29.953
3c0ee9f5-033a-402e-b797-5379de813433,hlionel6@psu.edu,2016-02-09 09:52:44.371
08716274-a905-4836-91c1-d339956393f5,nwestpfelma@latimes.com,2015-10-01 20:54:36.718
f0474ccb-9a10-4df8-b720-72bbebf2d593,mlechellee3@ebay.com,2015-05-05 22:29:15.02
bc792d36-3d49-4479-8a1e-98c63d011a90,zcoppinlp@hud.gov,2014-12-05 10:17:52.583
7618f38b-0b3d-403f-8c6c-629b74335bcc,cconboyof@bizjournals.com,2017-11-29 13:37:58.44
90809a3a-db3f-4cf7-b129-8a0d613c980b,tbarsamdo@hatena.ne.jp,2016-10-27 08:11:28.898
9c41a48b-7702-413a-8012-e4bd11f5c24f,mlehrmannfd@nbcnews.com,2014-03-06 07:36:35.092
3dbf94e5-e7a9-4a5c-88d4-ff6edcfae5d4,jheafordgy@cmu.edu,2017-12-11 16:09:26.087
d5d51a49-7544-4261-91a5-d3f42e0e4c69,adefew95@economist.com,2014-11-18 11:11:27.627
6cf0b4b2-1cea-4b4d-bc4f-8c7535ffed3f,lwhewill6l@constantcontact.com,2015-02-25 04:53:42.754
d116a747-9a66-41ad-b299-7c53072953c3,anaptinejk@delicious.com,2014-03-28 22:58:35.678
dd7f86b5-e76e-4069-be2b-a1d7481b80f9,dhoverhn@infoseek.co.jp,2017-07-27 10:07:36.956
0906c856-94cb-41c4-98fc-985f7afa5c19,vmccoy57@dailymotion.com,2014-06-12 11:21:26.445
c56b885d-1095-4697-8bc6-046b551a7a80,gghiraldi7r@furl.net,2017-05-18 12:51:22.675
09b0dc24-09ce-4c44-9466-7ec711532914,kstennetdd@yandex.ru,2015-09-29 14:23:54.965
56401dfd-605d-4a50-a2e7-61995c970ae1,cbeckensallg5@tripadvisor.com,2014-09-01 08:18:15.707
d5411a07-f1db-4c0e-a331-01accf95bf1f,eshiliton3k@hp.com,2016-11-06 20:45:05.023
51004765-7b6b-4de2-a4cd-d5bd9280b3c9,bdelos5j@hud.gov,2016-01-11 05:45:53.111
11b60e9a-0190-4d39-8657-41810940e75d,kmessenbirdgv@vistaprint.com,2017-11-17 06:16:11.143
2e4e377f-ab90-4384-8660-27e8bec2a7f6,kwhisby7n@mashable.com,2015-05-19 19:14:19.852
1d76e2bb-be4d-4ae2-aca3-ce68c17ba827,asarlfk@twitter.com,2016-04-17 02:09:05.057
545b22b4-cde9-4c81-bb89-add7678ccd74,rturbittna@163.com,2018-12-20 19:15:19.143
798b93fb-3c92-48c1-b8e8-21d163277a35,edavidowie@ca.gov,2015-02-13 19:03:24.802
8683afd7-753b-4809-869a-315f8eb5f80a,fhaggerstonp6@ebay.co.uk,2014-10-14 21:00:16.482
b41156a1-7297-41be-92b1-3bd455b5f80f,kheggadonl8@marketwatch.com,2018-05-02 12:14:02.605
310ab763-6b78-46e3-a95f-a755a9665490,ephliponpy@smh.com.au,2014-06-25 06:22:02.763
2fc8708e-6202-47d4-8abb-7d0c162b867f,mkububl@comsenz.com,2016-11-26 11:51:49.392
cf4aa7ff-93ad-4ed5-b020-e0503b789a95,lhatchman3a@paypal.com,2016-05-12 15:35:21.137
1ff38816-e634-4086-9a1f-480d3f68c6c2,lhurnell2x@google.es,2017-03-11 00:27:22.533
72b58e9a-86cf-4c0f-bdaa-91bf1acdbc68,amartona4@sciencedirect.com,2014-04-24 09:16:34.702
7ee1f906-057f-4289-936a-210c63009295,jlemanujs@spiegel.de,2018-10-20 12:09:25.395
846f232d-f51e-4a2e-ac1b-c6216488f8bc,scraddyag@usgs.gov,2016-06-12 03:36:10.911
2412015b-01a2-45b4-9aa5-18da16602450,rpaniman9t@tuttocitta.it,2016-09-01 15:35:44.571
7ae543dc-206a-4def-a8aa-0999d2290ff2,gdwellycv@discuz.net,2014-09-22 00:19:18.694
175ea450-1697-4d3d-b235-fa8d63d1db7a,rarsey75@boston.com,2015-01-19 11:25:17.394
9f42e4f6-4811-474c-93e8-a4f06eb594e6,frollinshawrr@wunderground.com,2015-02-09 09:04:38.839
f2bc87a3-2352-4c4f-a443-0e52fc285ffa,cboylesji@princeton.edu,2016-09-19 07:36:15.114
aad0a9a9-2e2b-44c5-abd4-6b05e1f79cb3,lezzlel6@blinklist.com,2014-08-12 07:58:56.063
a12479de-c996-4e05-be0f-c9e68f2e7f1c,mbutterlymj@exblog.jp,2016-05-21 12:05:09.369
28675149-a528-433a-9e69-70facd8c8a9f,tfilyashinnz@godaddy.com,2015-01-23 05:33:51.424
0cb4d9d1-0c2b-4a8c-a33e-ea9969ae0e98,smcdade21@amazonaws.com,2016-01-02 03:33:36.507
e52c065c-3bf7-4e36-81b9-fbe7b3dcbc02,dodgerse7@newsvine.com,2016-04-12 13:22:13.508
9b887b88-d231-41c3-9c14-e0279b1f07b5,asarlfk@twitter.com,2018-01-28 09:27:46.552
44b3eb0f-2083-4180-a8ef-f93486f674a4,bwinmillfr@unc.edu,2016-04-02 06:50:36.71
7886dc12-0a7b-4459-975d-c356a1f4e249,rleathemht@blog.com,2014-07-13 12:20:03.452
07f3b35f-6eec-4774-ab70-9660207fb8dd,vsandrye2@google.pl,2017-05-11 22:15:27.579
95d1efca-5d2c-46ca-98d0-ab37f6e28853,hovesen8t@free.fr,2017-07-12 22:21:49.182
832cf046-cc77-474b-b0fc-0ebde7756c48,gscanlin1p@hatena.ne.jp,2014-10-16 06:32:07.869
b0646522-4afb-4b87-9ec3-44a32133b401,ddrinkhall85@amazon.co.jp,2015-12-27 16:35:56.5
cc626c87-fb2c-423b-be17-f760d20b3e75,hmcphilemylw@tiny.cc,2017-08-21 02:33:17.126
024f0a1a-69cc-4ae0-8a31-e227df160394,shacquelfb@reuters.com,2017-02-04 18:26:57.732
045bd876-f077-4923-a70f-ade84d8f6c51,kfeasto3@meetup.com,2015-09-20 07:42:05.116
5ebce946-aab3-40e8-acff-23e45213f67d,gshoebridgedl@mozilla.org,2018-06-19 01:32:28.492
3ff14883-6d13-420f-8c50-d18fc8888788,dgainforthib@google.com.br,2018-04-18 17:33:51.992
30ef20a7-0eed-450b-b598-925129997a84,ttrendlea@com.com,2016-06-09 20:26:28.493
4ac35d31-60ae-490a-84e8-6b06030a0d45,ayurshevka@dropbox.com,2018-12-15 12:32:54.473
12ca03e4-9c56-46c7-9487-179821730f06,kcorderoy1a@aol.com,2016-02-24 08:40:49.135
ab996b8a-710c-467b-a156-3a11864c9f2d,csigharta6@histats.com,2016-02-26 20:57:49.245
bcedb6a9-8fc1-4bc2-874c-63cf9a94b69d,emostenah@shop-pro.jp,2017-06-09 11:30:52.878
7b687cd1-e2a4-4764-bd48-fd0971d46adc,bpachecohy@edublogs.org,2018-05-17 03:42:38.057
d74e714b-e1cb-4637-b43f-cc6f58105dd7,basee2n@blogs.com,2016-11-30 18:16:46.807
063ed4ce-6eca-4733-8cd2-c6bde2446311,tbarsamdo@hatena.ne.jp,2015-01-15 09:13:49.409
6d789f7b-954a-4a31-be1e-1fd6fead555a,hcozins1q@over-blog.com,2014-08-28 06:01:15.708
883a1963-3796-45b0-98aa-945de137c36f,erouthamlr@meetup.com,2014-08-25 13:59:01.14
1c42a0ab-67df-435e-a0da-4ff5e6356274,bcaytonld@noaa.gov,2014-12-11 17:25:09.004
8b517fb6-6b98-4cfd-8c33-db97d95fb3d3,tfurberkv@ft.com,2014-04-26 22:20:07.398
4ec70472-a6ed-4632-9330-87374d859061,adecullipb8@biblegateway.com,2015-04-22 21:00:18.366
1a8c28ad-7eca-4889-803d-c337f0ab7736,abouchierm3@altervista.org,2015-12-13 21:09:27.874
bc0b00fd-48f8-4dad-9873-2c7189fff074,kjuliffn3@usda.gov,2015-02-26 10:58:33.571
7d57f08a-25a9-4c6b-b00c-52462db76fa2,pchristofol2l@disqus.com,2014-01-04 11:00:58.966
4503b236-dd09-4f54-9a7c-0ebbc4f0055e,wseamonsq6@economist.com,2014-01-06 11:28:48.229
99643b14-af04-4d25-bf5b-256d41843eda,dlowersq2@bloglovin.com,2017-01-03 23:58:02.867
8685e207-832c-4f71-b46e-ed3bfaf2d699,awegner9l@example.com,2014-10-18 16:45:00.161
969dcb76-80d6-4421-ab72-830a0e736099,srough5x@fda.gov,2018-07-25 18:19:11.932
527402a0-0ce0-46ba-baf1-2c528c9a8893,grousf1@umich.edu,2015-11-17 10:49:08.97
3772ad52-7862-44bc-b0c2-d39f56c9d160,hirvine9d@vinaora.com,2018-05-15 14:39:06.29
5ef1eac8-fbc1-4283-b424-2f6aa13911d0,awhieldon3v@themeforest.net,2014-06-13 01:49:29.772
1216a883-90ae-4b83-91fa-f73d52e311c9,calishoner5c@jiathis.com,2016-08-01 09:28:28.998
d17f5a87-efcb-473c-ac86-b6e9404c9c88,ogives6u@wikipedia.org,2015-01-23 17:03:50.819
15a9b517-f26b-45a4-8b9e-e07f506c419e,wrodenhurstja@histats.com,2017-11-29 08:47:11.262
d40f4834-cfe1-41a6-ac22-8e30ace71d9e,gdwellycv@discuz.net,2017-08-04 23:00:46.345
9e1249c7-8396-4996-84be-c0bfc41f7f46,dmargachmo@spiegel.de,2016-04-24 11:13:59.005
8dfc5bda-3ddd-4216-a06f-d67996b75126,aformillinm@typepad.com,2017-08-16 22:22:11.338
8b36a893-af97-492a-bf5a-b8822185789b,dcecilo4@vinaora.com,2017-10-17 02:32:08.903
9d41401c-b8ac-41c4-8afe-6497720939b1,lroelofsenb7@printfriendly.com,2017-02-18 05:14:03.618
59077221-c8c6-4ba8-be64-1764e3b34b28,frollinshawrr@wunderground.com,2017-09-01 22:14:12.005
9aae6cb8-7183-4134-b51c-e887cb279bdd,aformillinm@typepad.com,2018-04-30 15:54:08.21
76efa622-87af-4f22-ba88-6046b764cb91,eeborallgx@hud.gov,2014-01-21 14:11:58.317
0e3a66b7-ceb5-4386-814a-278325699681,jdownerj2@squarespace.com,2018-06-11 22:55:11.957
8f1a7070-e1c4-423e-b8f8-e3f668946679,aallison4k@hhs.gov,2015-12-11 09:10:01.939
a38bfc32-86a3-4bfe-b5ad-06f2dd40f5fe,kbarfitt8x@bloglines.com,2017-12-23 16:45:43.077
1a63981b-490b-4997-99ac-5a4d0fa1e894,shacquelfb@reuters.com,2017-01-21 00:33:43.39
dca20ae8-8eb2-48a1-a66f-8246d00f48a6,jlunk30@nature.com,2018-01-25 21:23:30.609
392eec17-448f-429a-a32d-022841a31014,cmckaygu@boston.com,2018-02-10 02:46:01.034
255eed88-1a86-48a2-9431-848cc37de239,sdinnisqk@hatena.ne.jp,2017-03-14 07:39:27.665
b920274d-1e22-447f-8c6a-e49fd0c3bafb,raseyj7@php.net,2017-09-13 10:48:23.924
e8c67282-c9a5-4b7c-9d30-c668484c2212,jbaglan5s@auda.org.au,2016-09-21 01:27:34.322
95996741-5b0a-4f33-ba21-59c46156f933,dgainjn@eepurl.com,2016-10-17 19:16:03.758
03471853-2756-49f6-8119-8da3f9f75ab6,cridingslt@infoseek.co.jp,2018-08-23 17:46:58.159
3b368d3b-b4a6-4611-bc64-7faf19a7ad1b,mrubinlichtfp@kickstarter.com,2017-04-25 14:22:23.652
6de155b7-fec2-40a3-b824-83b41a697394,amasic66@is.gd,2018-01-25 13:03:29.713
9af76f60-bff0-4a66-8413-26cba0050138,kawtyko@comcast.net,2018-08-11 02:21:39.241
ec2242de-0c48-46d2-846f-ea40bcc46121,hlenardne@wufoo.com,2014-04-30 10:15:59.888
48cf372c-f53c-4b27-8093-5898030e3e57,dmarikhine8@unesco.org,2018-07-03 02:36:08.286
b0a941f6-fbff-4910-9fe4-e9a1be729786,shadlington3z@bigcartel.com,2016-08-15 05:53:31.514
811eca66-d954-4509-bff9-6bfbfb31bcb3,iseymer6k@home.pl,2014-06-26 13:07:14.829
35230308-9706-4438-a458-f812404d2bd2,spallyg2@noaa.gov,2018-03-01 14:17:33.825
4c5132cf-d905-4cfe-b6da-66b9873846a5,kouldcottij@cpanel.net,2016-01-15 04:01:26.985
e93172ae-4c0f-4098-901c-002511fe9257,lnucator4t@uiuc.edu,2017-03-25 16:35:25.763
7d2a9025-a61c-44ce-9fee-d2e0a2ed5eb4,gghiraldi7r@furl.net,2016-01-29 02:11:43.778
936af967-9eb7-4d1b-b3f1-c8449c919934,orenardg0@europa.eu,2018-10-19 23:13:42.808
44585e02-bf5f-4146-8725-69f6c4b2acbd,grobinsoneu@deliciousdays.com,2017-04-01 04:37:17.588
f916ffa0-b238-4c67-9d2d-077922d79ca4,ccoaker14@constantcontact.com,2018-10-18 08:56:52.806
c23c4cee-5627-477e-a6d5-6a87b9c0a0b0,kmablestone5q@nytimes.com,2016-02-04 18:08:47.593
1fcd891a-3744-4122-945d-20f227644d8b,bbamforth7q@cloudflare.com,2017-07-18 22:36:56.067
bb7f14d5-4b37-4548-9a36-0536e996c60a,gcoddringtonez@youku.com,2017-09-14 20:39:15.345
02851dc6-67fb-4180-bf7c-8d43813f7b3d,jvassbenderbj@twitter.com,2015-04-25 14:52:01.346
118402d6-7d7f-4796-be93-af3707444c04,hledford48@yelp.com,2014-08-11 13:57:20.268
b5df5e49-97fe-4822-8808-bf007543e254,cblythnc@free.fr,2018-07-03 16:21:56.136
501d8420-e988-41b0-819b-d79b63e43e02,pduplainc9@weibo.com,2015-06-02 04:20:52.783
1260bad9-a0b8-4ed6-86b4-b56971f9b3a8,ddonnett8i@barnesandnoble.com,2015-10-26 13:00:47.005
0631a18a-6708-4937-86bd-f3b493b3badf,gshearman4e@cocolog-nifty.com,2014-01-15 01:40:20.935
eeb806a7-f4c3-4643-8615-273a8cb6e876,sarmit8k@lycos.com,2014-01-18 19:34:07.457
882c1eb8-7ff8-4567-ac76-f5d149a10484,sprobartpe@webmd.com,2015-10-19 02:21:13.402
5241ccb7-1c2c-47fa-a9e3-3c80abb5664e,ctabrettkf@harvard.edu,2017-07-19 07:20:17.117
c70a6731-1755-4e0b-9428-5742d701ce4a,cwarsapbn@amazon.com,2014-06-30 10:02:59.446
6f2491ec-d321-4e16-83bb-2869cdefea4f,vblackaller33@indiegogo.com,2015-05-31 06:10:24.77
a2b25c49-f908-4c1f-99f5-a871cf9c38db,svostid@nps.gov,2018-11-07 01:02:30.247
b41562dd-0241-4277-880d-a3ddebebc0f3,fsneden6b@npr.org,2018-06-28 22:35:11.512
0f4e0b4d-91b7-4651-a0f0-646e1440616a,nmacnalley7t@google.com.br,2016-08-18 05:42:46.583
d65969e7-6f78-4e8f-8f2e-055abc4e2769,nbullcock8j@devhub.com,2016-06-18 01:00:35.954
66ade814-9703-4ec0-8ce7-b8acb3cf2170,sreussr9@webeden.co.uk,2017-01-04 16:24:09.925
1edee9fc-cd0e-44ab-82d8-5d861dfb67ab,mbendeaf@com.com,2014-07-01 19:20:41.917
3661bd32-de34-434e-af93-0bbfe79f8f25,geusden9u@technorati.com,2015-12-07 17:24:09.522
d065d218-1e75-4069-890e-9485590df8fc,msprouleo@cbc.ca,2014-09-29 23:33:39.209
c8174871-60e1-4401-a985-aa327fdef1e2,sreder6e@rambler.ru,2015-12-25 08:43:36.231
0f989043-b150-474e-8308-a6e4cde2a791,cblythnc@free.fr,2015-04-10 21:27:43.536
0cb84728-53c0-4424-90ae-b2568a3404fd,cmcharg4v@cyberchimps.com,2017-09-09 00:17:31.548
6caec3d4-7dee-4e2e-a0f2-f1a39bcc1f2a,vsandrye2@google.pl,2016-06-10 17:18:47.642
d6290e72-704e-4f70-8473-56df44a0ba66,gszymonowicz4w@wunderground.com,2016-09-17 19:47:04.049
f059f067-7050-435b-9b87-48ee462ad542,srough5x@fda.gov,2015-12-12 11:18:54.153
01440269-bc44-4843-809f-1f1384190210,cpervoenu@reference.com,2017-05-31 15:29:43.019
c7b080f5-3578-457f-a3d0-b5f36a54b859,edavidowie@ca.gov,2016-03-16 03:11:58.73
aafd5fc9-a5bc-405e-aabb-65e11a60c108,bpeschkeif@blogspot.com,2014-05-30 10:32:07.729
5c731d48-267a-4aea-86c5-dc2f42cac138,adaughertyoi@arstechnica.com,2014-05-11 02:19:48.246
238191c9-d7eb-4741-a8aa-4b48c5f7d28a,mcalafato83@newyorker.com,2015-09-19 00:54:22.557
3e9f6ef4-ba5d-4251-9ee3-34ab057a4305,ppitrassoiw@sciencedaily.com,2018-10-05 16:37:11.409
5f79be85-f695-4271-895b-07d612adfba5,pfossittpb@cpanel.net,2015-02-04 02:52:05.001
53ec145e-6f3c-41a9-88db-7d4a5631ec72,adecullipb8@biblegateway.com,2018-11-05 04:23:10.826
3d0e56c7-88ce-4c64-bb1b-8bb50d1e9c95,spott47@mayoclinic.com,2018-11-18 17:28:01.257
f48378fd-0505-4827-a3a6-133174436446,bbargeryh3@answers.com,2014-10-01 07:42:57.676
d02930c5-c88b-4bbb-8437-1358bf588cee,agladdishr@berkeley.edu,2017-10-01 22:53:11.968
c0007d4b-3c24-4f56-b6da-292b3ae27ab1,cstiffkins6h@rediff.com,2014-02-17 06:54:32.296
3ab10f73-a7e4-4b6b-a50e-84dc05bf57ee,etegler10@spotify.com,2014-06-10 11:32:41.616
17a77927-712b-4ce6-8e3a-e8783b75633a,akrammerau@weather.com,2018-07-14 09:45:54.943
329d222d-ab40-4e1d-8c20-7b2b143f4e68,etoffolonipd@jimdo.com,2014-07-24 23:38:45.593
d1654545-6a4e-418d-a11b-d736eaf88742,rrosenstengelml@cocolog-nifty.com,2018-10-21 21:07:27.037
67e4efe8-0bbc-42da-a295-290f7d140135,rhasteri@clickbank.net,2017-03-07 00:58:27.185
36948de4-19be-4db3-a9d3-f1f4ecb5f763,lveck61@ocn.ne.jp,2014-08-08 16:26:02.27
9b3c739d-cf13-43c0-a5ad-d0343a1a8f70,slloydscu@pen.io,2017-01-21 13:26:18.732
5371e06b-ff0f-403c-a394-745933deba00,obowland7m@ow.ly,2016-02-03 06:05:03.427
822c8cdd-4767-473e-b498-4b273bfdde6c,kstennetdd@yandex.ru,2014-10-15 12:16:18.39
05c53b36-3d33-4068-aa06-3499a08f3cb1,vtripp5d@state.tx.us,2016-10-03 17:56:52.567
35150355-2f9b-4e22-b747-06d0b71704c9,cbraneyd4@newsvine.com,2017-04-14 12:18:18.21
587aa2a1-6a92-44d8-9d63-20d1875f3067,cbeckensallg5@tripadvisor.com,2018-09-29 08:51:11.677
d85b6a1d-a5a9-4126-9f31-44e0eb4f58d6,jnencill@noaa.gov,2016-05-16 17:21:51.596
15386b78-c1a3-4b18-bfe3-662d46af9a4c,fcatterillo9@goodreads.com,2014-06-23 23:03:19.392
709a38cb-a122-4cbd-bf51-c3d510f68956,wblackmorehz@telegraph.co.uk,2014-04-03 00:05:03.572
464f532d-5065-4ca8-b30f-6ee9219f6454,cbeckensallg5@tripadvisor.com,2014-06-12 13:12:39.081
c54177d4-36da-4767-ae23-e742ace7ed23,bpachecohy@edublogs.org,2015-07-31 20:08:48.795
104938a4-76c4-4534-92b2-698c360e7b24,erouthamlr@meetup.com,2018-10-03 16:57:25.906
40d3e588-2b57-4512-9bfa-0064e2fbc913,hmonckton27@icio.us,2015-12-19 12:00:38.664
53d82bfb-c08d-40fa-be50-fa067cb95b3c,dodgerse7@newsvine.com,2017-07-26 11:14:30.262
23ae81fd-5645-44bb-9f99-0bedd5218d57,gparfettbf@usda.gov,2014-12-16 11:40:09.705
716edf77-6ed8-4d76-aea1-a808765e13d3,rrolfi9f@cpanel.net,2016-03-11 17:02:26.684
ca55e7c7-a62b-4424-8cf0-2c3ae47e5a38,grobinsoneu@deliciousdays.com,2015-05-08 18:53:54.277
d34b1604-80d0-456c-9c32-4add90eae8d3,dvearncombelq@ftc.gov,2014-12-03 14:18:25.025
5d547f6a-8d7f-4c55-984e-bb1ae50acc2f,dfiguraj6@vkontakte.ru,2018-07-04 14:44:00.033
e3f3e8ff-70c7-4f9a-bc65-694a35a3538f,acreedland35@admin.ch,2014-05-08 01:02:05.506
d8101f02-4ee9-426a-9791-05d868ef71e1,mcutill7v@mediafire.com,2017-03-31 02:20:51.931
5cbaf348-c2fd-4ba1-934e-0f5ee3f02016,edieganl1@chronoengine.com,2014-01-21 09:46:23.257
aad3e75c-afc5-4379-b06a-20616cb7efbe,kmaffullirg@washingtonpost.com,2014-01-17 17:33:31.944
93cc65da-9b40-4955-a9f2-c47e94cc2bfa,kroust3f@de.vu,2014-03-02 22:32:28.767
3ca11f5a-8852-4078-9f90-3a64c3b97f42,scandlinqq@livejournal.com,2015-06-03 23:04:17.0
934795d7-e8cc-4140-b4d3-e11018ff5cec,adevaenp3@google.com.au,2017-07-31 06:01:52.658
df6b9c0a-abbe-4217-b9d9-1ca71e20a243,rguisei8@japanpost.jp,2016-03-02 00:13:13.185
f8ff00c2-bb32-45ac-830f-4c939df572be,fculleyme@weather.com,2014-10-29 22:06:58.627
f2750a1c-4746-44c9-b8dd-1de09bd3dfc5,dmathiassen70@utexas.edu,2018-04-19 12:09:51.68
ff2bef8d-9a7e-466c-9620-4e53ebd63674,gshoebridgedl@mozilla.org,2014-05-09 10:39:42.833
bfd73803-cf2c-40b6-bf9b-20f77c19c6e3,kroust3f@de.vu,2016-01-13 03:53:57.76
539d8f0f-dbe4-4ab2-a1c2-a94f395db7ec,bdudgeonpq@nytimes.com,2014-06-19 22:04:12.447
df2e7f3f-8b97-4f24-9831-ed2ed9162d92,kbarfitt8x@bloglines.com,2015-07-26 18:13:27.288
a0521147-705e-4b1a-bcd1-d4c76da80a46,efann37@purevolume.com,2016-08-10 22:14:54.194
93a9869d-b2b4-4440-886b-ad865c3c6c05,emacginley2f@alibaba.com,2014-04-04 16:45:21.767
6611189d-016d-472d-b630-eb14780cd240,vmacmillankb@blog.com,2017-02-01 00:09:47.218
13d08932-575e-44b8-ac2f-f8446e67bb8c,cbyres24@bbc.co.uk,2014-07-18 16:31:20.144
f20aa28b-b07b-4307-8d0e-1c1b7a74c695,caronstamqz@xrea.com,2017-08-27 22:00:56.631
455d44ca-a0b4-425a-83c3-075c3218ee31,hluxen6i@mapquest.com,2015-05-14 22:36:44.894
305bf2aa-ea52-446a-95a9-ebff8fafaf13,mwooler9j@zimbio.com,2017-05-25 05:46:15.195
f420adaa-9d85-4233-abbb-13caad60226f,colivoir@netvibes.com,2018-05-14 15:51:18.834
1f6a2a37-2b3a-4637-b2b2-82d41bab1d3b,ncoverlynai@marketwatch.com,2017-06-06 11:10:31.131
2159d569-9755-4583-9e28-b9ff3f1a7a68,etegler10@spotify.com,2017-03-01 17:05:44.22
60ea8d75-4cf2-4807-9e02-e4fd9174e715,goley8b@businesswire.com,2014-06-18 14:34:25.808
7d4890a9-49cc-4a42-963e-04f985835b33,ccreedlandn2@mit.edu,2014-07-17 10:45:29.331
4aaca64c-75c2-4249-9542-56b3cae727cc,geusden9u@technorati.com,2014-01-25 10:50:33.092
220abe1b-f4f6-4419-ac7a-0f115cf04fa2,edidelloms@51.la,2018-05-15 08:11:06.211
43377d2c-948f-4316-87f1-18e7b7dee1e5,jberthodgw@qq.com,2014-10-28 00:37:59.027
b098b559-5240-45dc-bfa9-a9b0d16aef0a,dmarikhine8@unesco.org,2018-07-26 02:58:18.476
c24e274f-0394-4779-b036-7596576e56d1,gdabelsee@omniture.com,2016-07-21 07:33:54.545
938e8870-6d6d-4e07-a9fe-d37f0a1299af,nbullcock8j@devhub.com,2016-07-21 02:22:21.738
7cd91a87-a8fc-4bb6-839f-4743479d8f9e,jaylinp2@pagesperso-orange.fr,2014-02-26 06:10:11.195
02a79265-b532-4ed3-b6e7-27077291e8fe,cpymerr3@who.int,2016-06-09 05:09:13.607
f40f3398-b1ec-4f10-a5c8-f55c2fad3d5c,cleason6f@yahoo.co.jp,2018-09-15 15:09:43.996
06478c40-37a0-4e9f-9c01-5d5a31407943,ubrunetr7@umn.edu,2017-04-11 12:34:12.001
a3d3ecc0-d2c5-4c0a-be44-160d198cec4f,rdogertyj9@tripod.com,2016-09-07 15:12:01.496
38ae02a1-8cf4-4121-8b33-804684bce410,kjuliffn3@usda.gov,2014-12-16 18:58:22.37
2ba1a557-2fb0-4aa1-af4a-9639653b0c67,pgoodrightk9@utexas.edu,2018-01-15 20:18:13.176
7a214926-366c-477e-8256-6e8344f1ab93,ddonnett8i@barnesandnoble.com,2017-09-23 03:21:20.45
42597455-6889-4029-a678-55bd4193ed6f,qchambers59@friendfeed.com,2015-04-05 18:13:17.02
606bdc41-54b8-4c82-b9d4-02af990744ac,gscanlin1p@hatena.ne.jp,2015-08-13 02:22:39.624
0b2bfa38-9fe9-402a-aaf3-a97267c2dfd8,mblackborowom@squarespace.com,2014-06-25 16:21:03.878
a5ac051d-95cf-4880-9377-fdded217fd56,gbransden9c@webnode.com,2018-12-09 14:13:11.713
4181ddfd-3fc9-4e3c-aea2-d4423ec46c0b,bmaccookhw@ca.gov,2014-05-29 23:11:44.148
a62bc025-89ed-4b9a-8304-3361242e8912,bancliffb@microsoft.com,2015-09-27 03:09:57.197
c88568f8-8e35-41b3-a12e-45766c20fa0b,cpollyjf@barnesandnoble.com,2017-07-10 10:54:55.214
10bbcbef-ce0b-42af-a202-f82fb0ccd211,geadesl5@1688.com,2018-10-27 19:13:52.103
748b879c-a07d-4d96-9782-42d63652e9be,kstanfieldjm@meetup.com,2016-10-18 08:33:09.866
1f5767e9-60ee-4892-9543-9c8428e20352,mblackborowom@squarespace.com,2015-05-08 03:37:13.619
821673ee-dd35-4f39-83f7-168f91c9ccd1,fdunican9s@cisco.com,2016-03-10 01:26:23.742
ef359285-ebb9-403b-8800-fdf758313139,ccreedlandn2@mit.edu,2015-11-01 21:24:42.554
2369eb4c-222e-4128-bf4c-56f4c221fc73,smcdade21@amazonaws.com,2018-03-04 02:45:57.185
a62b7b2a-3ded-4eb5-8bd3-012221ebc1aa,amayell2s@google.nl,2015-10-07 17:23:12.263
5811b7dd-bde5-494e-85b4-d863086a569b,asundingh@infoseek.co.jp,2015-01-29 00:53:39.244
0f86c006-d573-4449-b288-5b4e5755f651,lmeffanql@google.fr,2017-02-16 13:38:59.046
269a3f49-c295-49d6-b792-bf1057ab90b3,scatherickm7@discuz.net,2014-04-10 12:37:51.04
0f802596-e30c-4262-ad66-5ac6e0af2927,acostonmq@amazon.co.uk,2014-08-23 19:29:07.963
a18a20fc-3b01-487c-8557-a7752d7bbd00,hmcphilemylw@tiny.cc,2014-10-22 20:44:31.894
1c83cbf7-6877-4ced-8e12-4e05ec5e4ea5,hfenelon2t@hugedomains.com,2016-05-04 00:48:11.16
3684086e-9b6d-4cff-9466-5c6a5c1e5d0b,bdreigher3g@homestead.com,2018-03-28 03:03:26.167
8f9f65ce-7b62-44c7-a15e-35dfd9788dfe,fhaggerstonp6@ebay.co.uk,2016-07-17 04:58:55.52
c5ac6898-b645-4278-9f80-b9f5dfaa2b84,cmckaygu@boston.com,2014-06-29 02:33:02.57
8a2fcd73-a821-4b91-bdfc-228e736a369f,bfrickey1r@themeforest.net,2014-02-05 03:29:42.207
05d1a365-c389-4bd4-9d5c-614c0dcb4949,fshardlowe0@ucsd.edu,2016-08-24 11:35:11.64
a183645d-85af-476b-9b07-b5966af3a5b6,ichargebw@narod.ru,2014-07-25 08:54:47.364
7bd84aab-c7b6-405e-91f4-c03e0c45352f,swickwar12@lulu.com,2015-02-25 13:47:52.31
fe70b29e-fea3-4b90-90d8-5395462313c1,kmablestone5q@nytimes.com,2014-05-31 12:08:44.275
6a515e86-10f4-49ad-9d3d-f5aa4df733e6,kripingcn@telegraph.co.uk,2014-10-23 06:49:39.959
ec875133-b973-4135-8e66-22bc905dc59b,asundingh@infoseek.co.jp,2017-10-24 22:50:21.094
e4bedbe6-4732-4e35-9485-363189d055ab,agiacomi3t@bigcartel.com,2014-08-25 14:39:07.766
4747eb1e-4d16-478d-8a17-e3ad4cd8a261,rjallin2g@xinhuanet.com,2015-10-30 03:33:16.3
c267d150-9eb4-4a54-9c85-eaaa64c110fd,cricoldf9@w3.org,2015-09-30 12:33:11.252
791623a3-2a3a-499b-96b1-cbd52b2627b8,dkohringpp@eepurl.com,2016-09-12 15:54:35.94
a1fb4c7b-5ec2-43ce-90d0-06f75774d665,aallison4k@hhs.gov,2016-04-07 12:13:05.802
8d922014-d39a-40a9-8302-29443515093a,bdissmanr5@illinois.edu,2017-02-25 23:49:00.602
d34c8403-526f-4850-871f-414bd6b2612b,jmccroarymn@unc.edu,2015-02-10 11:16:35.496
573a9caf-8d6c-43d9-9f59-cd96b2b28fb0,nmortlockl4@baidu.com,2015-02-11 08:16:53.282
e76bb977-bd69-4c72-94d0-066851ae24fc,bdallinbp@google.com.au,2016-02-03 14:50:07.723
e8826e90-e3ba-44ce-ae88-ecf2372c000d,bthomsonh4@omniture.com,2018-02-04 02:52:01.72
ec328c45-5b6e-480e-bb33-9d644f1e81e0,rmarkwellmv@cornell.edu,2014-07-02 18:30:03.139
cdfcfc81-8799-473b-8173-5c602c02f569,smanstonhh@bloglovin.com,2017-08-18 21:11:37.874
9f01759d-8d11-4e14-8fe2-1b31beae1f84,ichargebw@narod.ru,2014-03-19 04:18:18.868
816dd368-8b62-46c1-97a7-79164a151023,gpenquetq1@wikia.com,2018-11-14 00:49:59.989
c7e7aa27-39fd-4793-a74e-2e4f161c04b4,nmacgiollapheadair7d@forbes.com,2018-08-24 21:32:32.811
1d5157f4-d6ee-4565-8b79-4fb0499a061e,efleargb@com.com,2015-09-02 17:53:04.165
75592079-5e63-4d14-af5a-fa95f3e1ead3,pgoodrightk9@utexas.edu,2015-01-04 22:49:15.629
783b8cfd-86b1-4002-b646-171e69c5f679,dgainforthib@google.com.br,2017-03-11 23:31:28.079
bdee6dfc-1eeb-4042-ae1a-276b8fb7725b,nchillesc@mtv.com,2017-07-16 07:18:53.033
5160dc5e-1752-4a97-928c-cdd0f03c1e97,cmcharg4v@cyberchimps.com,2017-06-26 15:16:51.283
6e461f69-3842-45ab-961c-99c39bf8df76,dwoltering4p@twitpic.com,2015-02-19 21:14:52.57
d63b184b-38b8-440d-a88e-3107d61a953e,hguyverrj@intel.com,2014-08-07 18:11:45.647
f8d1ced6-422b-4b8f-9780-f5ba0cf66dc0,lsandfordds@pcworld.com,2016-11-09 20:59:04.395
bc6c0a26-e4cf-4944-bc8c-0a2faeb71e1c,bhammermanqx@4shared.com,2017-06-18 17:35:35.988
be26e643-f335-4629-831d-d0b8e90b87e5,shacquelfb@reuters.com,2016-03-07 04:32:12.939
52af3f59-5ec4-46e7-bb20-0bc69a5ea6e7,croggemanef@princeton.edu,2017-03-11 02:08:01.998
4ad2a584-1515-4f09-ae7f-caab9f54d1f9,kwhitworth62@acquirethisname.com,2017-01-04 13:52:14.273
c9e6946b-a777-4727-b7f3-0f1e9446a75f,hsauratrb@microsoft.com,2016-12-20 14:26:38.821
e09c5314-d217-4a28-b59f-44ae105b4d9f,clace1k@sfgate.com,2015-10-13 01:52:32.152
12be033c-caf5-40d7-87b2-49ceaaceab03,jtiltmanw@surveymonkey.com,2016-04-11 16:20:04.021
349c0bf7-ac0f-4831-80c1-c85d844fb1e7,dtinemanp9@zdnet.com,2018-08-18 19:39:24.475
50f82d10-ad96-41a6-88a5-99999efb74c0,cdobesonni@skyrock.com,2017-05-19 11:53:25.029
53ccab62-1691-4d11-8168-b5ddb62f66a6,wmounchje@sakura.ne.jp,2014-08-17 04:11:05.709
15039e40-9aed-429b-a5f3-ad691ec650f7,kripingcn@telegraph.co.uk,2016-05-07 10:46:45.476
3e92b839-04f8-4832-8d9a-f13a947507c9,shazled0@sciencedirect.com,2017-09-15 15:39:40.038
1b57cbe3-f645-492a-828a-d5bd6b7152b5,palessandrinimm@princeton.edu,2016-06-26 11:07:24.547
7445c80a-54f6-478b-8f72-8efc1214fd05,dhuelinde@icio.us,2016-10-18 22:48:58.783
714c7dc2-2ef3-4c13-a6b7-d861e45b5d8f,syarnleyli@springer.com,2015-12-09 14:15:19.483
9036f7c5-dc7b-4dd2-bbfb-a02703ea630c,kguymer4f@google.it,2014-05-08 04:11:16.533
cb3f3adc-df3a-441f-ae42-f1b76c1d6e70,kgennerichqs@boston.com,2015-10-01 22:33:05.142
1a4ad712-1b06-428b-96cd-714870cead2a,agladdishr@berkeley.edu,2018-01-06 06:05:59.071
6f81cf8c-cee9-4caa-ab12-4c4c0adc053a,evanoortmi@ehow.com,2014-10-16 07:42:56.141
b42f4b23-2808-4dc1-98a5-d2e9b85fdd3b,mtumbeltyb6@wsj.com,2014-10-18 12:38:56.664
273d5f84-6d23-42ce-a822-316cb373230c,cmeiklemmb@toplist.cz,2015-03-08 09:52:53.259
2aef17fd-58f3-499c-b1a3-9dfaf9553849,aeloi5z@smugmug.com,2015-07-20 01:36:38.691
d8dd36e6-0f9e-4b02-bdc4-b630f4d3413c,ebaglow53@smh.com.au,2014-08-29 17:12:47.618
1f8a50c7-8a52-4d14-848b-9b4abb7961ab,rrosenstengelml@cocolog-nifty.com,2015-06-22 21:27:26.972
12ceda14-02da-41d2-a51e-7a43234419bf,stuohy65@globo.com,2017-09-17 05:52:59.509
033284e5-9069-44b7-8247-57b8c4f0f815,hmcphilemylw@tiny.cc,2015-01-29 10:41:57.811
2a07bbb2-22d4-4a03-95ad-45afe7f93f51,ncappelf7@sciencedirect.com,2018-09-11 19:13:30.439
77a22483-43f7-41c6-bd44-e180626fc4e6,rshilstonn8@boston.com,2015-10-13 16:59:47.611
40c32c09-2ab5-474f-ae09-a0a69987d7bd,cwalderoa@theguardian.com,2014-01-28 00:31:40.462
1e89af55-5611-47f2-b8f2-6513039dce47,gsiccombe5b@who.int,2014-04-05 04:54:48.727
04b2ebe4-9197-4ce4-8f57-43dee3250682,gparfettbf@usda.gov,2014-02-28 09:11:18.064
930b559f-adb7-4686-82f8-0c1b7bf552a5,hstrangewaymx@dell.com,2017-10-31 02:35:42.866
eef48627-df8c-4dcf-afd8-0b6e080b9fb8,ahanselmannl0@dagondesign.com,2017-02-25 07:46:46.6
d6b537e4-0e6b-468f-8732-6613c65af9d3,kmcfetridgeea@multiply.com,2016-07-17 09:57:05.17
3df0cc3a-e63f-47e6-80a3-2f05882a345a,mgoly2r@dmoz.org,2014-08-06 10:18:45.672
96744801-da88-476f-bc69-6b7f1e13452a,nmacgiollapheadair7d@forbes.com,2014-07-01 13:58:39.64
ca05287d-d065-4a9b-988b-ff5464a9c49c,pdeeprose7g@biblegateway.com,2017-07-30 02:43:55.927
3fb3126e-853b-4e44-9719-10690efe4865,mahmadny@pinterest.com,2018-09-07 03:13:05.409
da2d13f2-5e97-47a5-8fc9-77c7f58cd499,ihenrionotf6@tamu.edu,2017-03-26 17:49:26.95
49f208f4-ff51-4a4e-9fb5-b7e88e6b26a1,fhaggerstonp6@ebay.co.uk,2018-01-29 00:26:54.504
24498f02-93e6-4caf-bd8c-9ffe26b60e03,spallyg2@noaa.gov,2017-04-01 21:56:43.79
ce9bacd0-fd2f-4e1a-87f5-5216c730c2a5,hmonckton27@icio.us,2018-05-15 16:34:02.577
59838e24-439a-4e8c-8b94-0d5228b6c434,ggyer73@creativecommons.org,2014-07-20 12:10:08.615
78677d1d-f828-4f61-a98e-ed660193e880,pgalbraith8r@bandcamp.com,2016-03-20 09:49:14.828
317bdbbe-6ecb-4bcf-8b62-45fda243293b,agrimwoodi6@timesonline.co.uk,2017-01-27 09:25:51.498
dd58b65b-8f07-4b33-848d-6aeb1d007cc4,mroystemp@auda.org.au,2014-09-03 08:16:52.932
66d5abf1-b2d3-47ca-962c-d8a8d09950c9,jwevell1y@google.cn,2014-06-06 16:22:19.907
13f6a6be-6726-49cc-a754-e67e2abc1bc8,hfenelon2t@hugedomains.com,2014-01-21 08:26:46.901
2d4b52cd-15e2-414a-b3c3-bc3647edbd18,alystonh8@washington.edu,2018-10-17 06:37:43.324
0edfb8c2-3d28-4c5f-8085-dffac897f23b,lmcgeochpj@paginegialle.it,2014-04-24 20:11:32.349
00f344f5-d1f5-4d38-b737-5cea9856db5b,gghiraldi7r@furl.net,2016-04-05 09:20:12.667
93aaa24b-ea2b-43af-83d6-208071f94f7f,ewitherspoonpk@ebay.com,2015-03-29 06:26:27.783
8fae9154-e8d4-4ea0-bb58-598a1c2fc39a,hdaskiewicz1e@ca.gov,2015-05-22 21:33:02.16
0216980c-b2a3-4f8c-b068-d95b38e86a29,ajeckells87@globo.com,2015-04-15 08:17:00.98
a7201f8c-e9d8-4840-8eea-43fc7aa1df47,bpeschkeif@blogspot.com,2017-09-09 01:05:58.833
8927ffd1-1fbc-4c74-aeba-1ad8599c151f,rjandoureka0@odnoklassniki.ru,2014-12-27 13:00:27.035
c7cfc9ee-347f-46c9-97d0-b2b0b01f34d5,cketchaside2@nih.gov,2014-10-26 17:01:28.23
54bf8ec8-7705-42df-908f-5654f3453bae,fhaggerstonp6@ebay.co.uk,2014-01-22 17:19:30.252
14643676-cc17-43a4-a072-ef9042919066,bbarkhouseg6@amazonaws.com,2016-06-09 11:43:06.569
a5f3d3a0-d507-4971-a00d-decdb7497d8d,dwoltering4p@twitpic.com,2015-06-30 08:20:21.493
8625d778-981b-42a0-a2d8-3ef637439d21,cpetchellpf@sfgate.com,2017-04-08 23:46:06.426
6a7ce1ec-7343-4ec3-a56a-0d2523931cee,bdissmanr5@illinois.edu,2015-05-07 08:24:18.773
c68aaa6f-eb2d-499b-9940-a62e7d053aab,shartrickhi@dyndns.org,2016-10-23 15:01:03.485
a8df0ff7-d8e5-4bfc-8fc7-1dec4f64c125,mkiltyiy@europa.eu,2015-09-17 08:46:58.196
19c76d03-0af5-4695-b7fd-033f80276cad,cwarsapbn@amazon.com,2016-04-11 16:21:19.676
94c2c44a-8d63-4d2a-a233-acdf88e622f0,mquarless3u@posterous.com,2016-06-27 07:13:40.888
795057f2-c729-475b-a443-d40d6c9c826e,malvarezbs@samsung.com,2014-12-12 06:38:41.409
1148bdeb-355e-46c7-8a41-2d413c4f212b,edavidowie@ca.gov,2018-01-10 22:33:57.388
f0cf7bc5-cd79-44aa-af6f-195ec8f1a67e,tramelm4@fotki.com,2014-03-24 23:10:29.993
1a9ddf9d-5239-4350-ad25-7611d71c9c5f,bhardingeot@youtube.com,2014-07-31 04:11:52.083
f680369d-3273-4d04-8781-db26584b8899,twardel46@ustream.tv,2017-12-26 01:30:46.574
874506dc-8c75-43ae-baba-78153637427c,ihollowj1@behance.net,2017-06-04 17:46:06.313
76034d83-2e30-489b-80d5-88d7c524bbbf,mhealeyad@4shared.com,2015-09-24 06:25:33.385
39a6ae47-369a-46e8-9e48-18132622ffec,cmeiklemmb@toplist.cz,2018-10-14 08:56:25.84
adab963b-7f83-4af2-95b2-21963d20a8e0,kthairs9i@dot.gov,2016-07-17 10:36:56.466
98c5b804-dc66-4843-96bd-739e4d143b26,sgirardyrl@networkadvertising.org,2015-06-07 21:46:37.824
c2541a0d-058c-4c16-9d8b-8195e858aed9,rwottons@imdb.com,2018-05-25 02:06:36.556
458c8a57-d2b8-4c89-bd53-1f75da996e2b,rdogertyj9@tripod.com,2015-09-25 05:07:44.781
ca2a006a-8477-42d6-a0cf-343e5cac09c1,lwiddopj@columbia.edu,2017-10-04 00:42:02.882
fd931577-8142-450d-ad91-7fb5634c7f88,dpatkin84@weebly.com,2017-08-24 20:15:45.908
0de8264c-9b6d-4194-bada-a9e4e3d7dbb2,yrolfe71@goodreads.com,2016-04-18 00:20:20.495
9c25514e-7d9f-48e0-9ddc-1d58f0692aaa,etoffolonipd@jimdo.com,2018-06-25 01:56:24.371
eabeeba0-5c43-4a26-a271-8bfe17d1352b,sdethloff1d@lulu.com,2014-04-08 18:49:13.255
6920279c-8306-4f44-ac15-b3fa8c99a397,adonisen0@ning.com,2015-07-28 13:39:18.626
8448294a-d06c-4a02-9c3e-70b85d3e3ae8,lmeffanql@google.fr,2017-03-17 08:12:47.747
dd618d61-4753-459a-ace7-b2818df80972,lparkhousely@craigslist.org,2014-04-29 16:29:28.573
26750604-b58b-4116-8503-9d18d81860b0,mperrinsq3@elpais.com,2017-02-26 18:40:55.289
697d8ea7-e1f3-47d7-bbaf-236ba0152cfd,wraigattav@amazon.de,2017-05-04 19:39:47.346
3d229f3e-abb5-4e0c-8c6b-3c4a7b5601c7,rcostellowg8@sogou.com,2017-05-14 21:10:31.712
5ee96afd-4ab2-4db1-9e73-0e490e404cc8,aexelbyop@acquirethisname.com,2018-08-18 14:23:51.363
f0acf9dd-1ff5-4b64-93a4-9b1699c150e7,ckaserf@google.de,2015-10-10 03:35:14.032
00944d7a-0f03-4dd4-afe0-84574bdafd92,tfilyashinnz@godaddy.com,2014-02-26 21:52:41.525
bf5e0388-4340-4fea-b63f-bfebae97e43c,scuerdalep1@ox.ac.uk,2014-01-22 22:08:20.382
43fe14d2-4446-4571-815e-f64613123970,gshearman4e@cocolog-nifty.com,2017-11-28 21:57:05.916
73ac9ad1-a87f-4b80-8141-8bcc76e92d77,mingilsoney@csmonitor.com,2015-11-13 07:02:26.478
8f647cc0-134a-4908-a607-f6fbacf3b93c,jlemanujs@spiegel.de,2018-05-30 15:20:29.488
bb4581d1-0201-46bd-9584-69cffa59ec6f,bpersichiu@multiply.com,2015-10-21 04:01:11.416
e46cbf98-86d1-4169-a92f-9f32c8746a4a,ahutcheon5f@arizona.edu,2016-09-10 15:12:14.014
9e7bc4a2-7a24-4fae-bed1-c6fde4697735,pmarf4@ocn.ne.jp,2016-02-21 10:39:29.566
b329fc3f-355f-4374-b831-d11bcf29e952,hcozins1q@over-blog.com,2016-01-12 13:52:48.434
5e200b52-f7a8-496a-9159-dd5c058752cf,jivanind3@slate.com,2015-04-20 08:48:51.092
d80f8946-f467-4dba-bf81-2801c24d90f7,hthornebarrow42@skype.com,2014-12-31 11:14:24.04
3980ddf5-1c63-4780-9dc2-e059b858c9a0,emacginley2f@alibaba.com,2014-08-25 21:09:05.677
ab9be03e-b586-4468-84ae-d8ec12cd9f40,sclemoesic@cocolog-nifty.com,2016-01-17 00:03:31.554
6d5f3407-6baa-460f-a597-37998c4fdd20,lhatchman3a@paypal.com,2016-08-09 03:30:22.766
bdcc2ddb-4c7e-483b-ac1c-c6894fcdab50,tpulestonnh@jigsy.com,2015-11-13 04:03:30.338
85c7c84a-ba64-4ded-b890-0862ce3d1dd0,rlubmangi@people.com.cn,2017-01-02 14:23:02.622
11720a14-4d4c-4936-94a3-22df95e4cbac,ptawtonj3@scientificamerican.com,2018-03-29 12:10:28.005
b1f916e1-e9aa-494c-a53a-890d8cefb5fc,awanstallnl@delicious.com,2014-02-21 01:12:40.335
05a32171-edcc-44a1-9a13-fd6f74009bb5,kbarfitt8x@bloglines.com,2017-01-21 05:32:49.453
639492fa-71fa-4527-8fa6-a3fcb56be80a,ewilcei@parallels.com,2014-06-02 21:31:05.12
d098656b-4d0a-41b6-9b24-a13e69f143b4,wsheere6t@shareasale.com,2018-07-31 00:28:54.184
24943814-f50c-4773-9ce4-bd30f2f9eda1,kcluelowdv@clickbank.net,2017-04-21 03:26:54.503
b84a3873-8227-4498-8187-797e2eeeb55b,akreber31@indiegogo.com,2016-11-18 16:07:26.728
875571b3-974c-47e7-9365-f23314ac45f5,ikleincm@bbc.co.uk,2014-01-05 21:35:50.061
7f6a6235-86b2-4058-a252-bb75a89b59ca,adionisop4@salon.com,2018-03-11 19:39:36.755
4b044d3f-f6eb-4aaa-bcd2-516714e189b8,dcecilo4@vinaora.com,2014-05-25 01:52:54.107
30bcdc0f-bf24-4890-bcc1-750acf28010b,mbearcroft3d@slideshare.net,2017-03-08 06:07:45.679
fc1d8a35-725c-425c-b8e2-ff7880970640,bmeakerhj@163.com,2017-09-02 22:02:00.355
4072197c-e992-4c1c-b006-3b4c5adb8006,rskilleh@apache.org,2014-11-15 21:23:36.844
2e7a7e0d-5993-4b44-9191-2e74ebe06934,mabelson8s@goo.ne.jp,2015-07-22 04:49:24.077
b5377d66-c27e-4821-9e90-21767033acc6,shacquelfb@reuters.com,2017-07-24 11:15:47.322
a5863552-9a60-42a6-b843-89c7af4ffecd,nnesterovqf@so-net.ne.jp,2017-12-11 03:28:49.415
91510891-a702-46cb-b1e9-e5cd5962e09c,effordehp@list-manage.com,2018-07-15 13:29:30.174
9f3dfc85-4404-4998-a05a-0f67edd9a981,trosberghb@bluehost.com,2018-02-15 00:38:52.952
306fb00e-5a1c-4f47-919f-9637ef016b23,jkilvington7u@cornell.edu,2018-05-28 14:51:19.17
67022f44-c993-49b9-a4f0-6f42d8eab795,froseboroughky@stumbleupon.com,2018-03-02 17:05:47.412
518311a7-6806-4411-851c-a637d3a1ff32,jaylinp2@pagesperso-orange.fr,2017-05-22 16:52:15.448
a092dc54-ba7b-4d11-b7ba-056b462ac2c1,zanthonieslz@hud.gov,2017-09-07 12:30:55.382
8d8e8a5a-7165-40ab-a256-3ae55eb49356,jallpress6n@blogspot.com,2017-08-15 22:44:04.111
10441fae-620f-4e89-a60a-a8fb781c4cce,mdeetcheo@blogs.com,2016-01-01 23:11:00.524
b2bae0a5-b0e5-420a-a194-3b3780302ec6,meglinkn@cnet.com,2014-07-22 22:51:23.016
e4ddc286-cc1a-4038-be68-5e021332bdf6,sarmit8k@lycos.com,2014-07-23 05:28:52.798
34d2eba6-af6e-45b3-a0d3-ddfd66105a1e,kroust3f@de.vu,2017-09-16 03:00:53.328
02ef8200-1cf6-43e4-bc2a-0066eb83a183,dpruvostfm@google.pl,2017-01-23 11:28:29.903
88dfd594-7621-445d-b7c0-b44bf14b6c44,dpicklesq7@wsj.com,2015-05-31 12:34:25.925
ecc47881-ba43-43e3-8fd2-b33e43d7db31,amasic66@is.gd,2014-02-23 09:58:41.178
016b423c-5c98-4e1c-8282-d1cbce751005,ephliponpy@smh.com.au,2017-07-13 21:54:52.395
f8263663-787a-4526-b4e0-9700a060174c,awegner9l@example.com,2015-02-22 16:58:24.934
5ae1b13b-24cd-419f-b579-d3a8b5bc77e7,rcouchd6@discuz.net,2018-03-04 07:10:23.56
6e9f6f53-9173-43c4-b802-cf965f7cd042,ckilbey17@ibm.com,2014-12-01 22:26:03.603
ae1e7d17-1b3a-4e14-bdbf-2c8732de19a3,kmaffullirg@washingtonpost.com,2014-03-12 20:22:56.123
0028da1c-fba0-4cfc-b708-c65a891c9f4b,wballhamnq@netvibes.com,2015-11-27 19:47:40.781
b52c68c3-76af-41ea-bbc0-6fae09db1b83,rkinetonfe@cocolog-nifty.com,2016-03-04 08:01:12.323
f897bd79-81d1-498f-9905-c06411f69aeb,gmabbett2j@dropbox.com,2017-03-03 12:15:36.779
1bdfcd49-6068-44e4-8c4b-1d3fa79ee26d,ymorrisjj@xing.com,2016-05-24 20:36:09.005
acc61903-cb33-4ac1-badb-d7b7579a42a9,linsworthip@microsoft.com,2015-06-02 10:08:10.271
aaa2b890-d9a6-43a4-8fc9-64838524c615,qchambers59@friendfeed.com,2017-11-17 11:55:05.322
80deb0e2-35f6-4009-bb34-2b70ddb0a563,fgoldstonk8@merriam-webster.com,2014-12-31 10:03:14.979
2de447e7-3185-49d1-afb7-d87f323ca55f,hbeazley2m@domainmarket.com,2016-01-14 18:07:34.287
a69e1e82-679c-4bde-8498-d9703cb1ffa6,gzisnerosu@drupal.org,2018-03-08 23:14:35.951
5c7626e2-7ea6-4834-950e-77798e22870f,eindruch8o@woothemes.com,2016-10-05 18:42:54.497
f0886c5d-0e6e-4bc2-b9e3-d2651b0c0341,dmadred5@mit.edu,2016-01-16 16:05:16.441
4b0bdfa8-e8e0-47ed-a56a-52ef50d2ab7b,ddispencer9a@ihg.com,2017-03-09 10:28:05.404
3aba4e2d-892f-40c7-bf15-4501b5b1350c,tzuker4@wsj.com,2015-09-04 12:50:03.555
c27f348a-a22a-4769-beb3-ce0eef4b15ba,bottam9k@jimdo.com,2017-03-22 16:29:03.837
df434542-25d9-461d-822d-db28ea65cdf3,yrolfe71@goodreads.com,2016-08-10 18:06:28.293
e1549be1-9c72-472c-b966-2dad46f02809,ahalsteadbt@earthlink.net,2017-02-06 19:40:48.07
479da0ae-91c6-49b8-8359-0179abaa1116,bvenditto7e@youtu.be,2017-04-27 03:37:03.086
7a0f2640-f396-4c4e-b2ea-74e24110073d,bfeareyfa@cdbaby.com,2016-02-04 20:30:50.858
b852b684-e611-41d0-869b-60c2f98e831e,cgwinnell8y@purevolume.com,2014-10-27 00:15:09.549
05bc0bd9-eac8-4097-8fc3-cf6993503e5c,uballancen6@virginia.edu,2014-10-16 16:40:05.479
5dcb8acb-d757-4a6a-90f5-307d0486c480,jgeorgeone@dell.com,2017-03-08 06:59:13.569
0b0e99d7-5b4d-4811-afdb-b821216c8dfb,tferschkejq@rediff.com,2018-08-10 14:07:45.343
d9d3eab5-2c26-49b0-9875-76167f7819d8,ncoverlynai@marketwatch.com,2015-04-04 19:55:09.329
3a367cd4-3ec9-44ef-9087-437f302efa06,snorfolk97@ebay.co.uk,2016-05-19 05:47:09.618
152e1e30-6f9d-4913-b656-e9d95d3d8aea,shuzzayqg@usgs.gov,2014-05-02 10:28:07.804
c7d5e8d2-b52f-4b2a-af63-371a158c7c05,egrievespg@cafepress.com,2014-05-14 04:34:35.456
f5f88c8a-5565-4814-9b21-76157d38d008,cashdownku@ihg.com,2016-05-19 05:27:59.865
cb7b1cc0-382a-4e9e-aa23-9fa3e5dac787,jstrooband2b@bbb.org,2015-09-14 14:15:52.816
aa00fc2f-e7a4-4193-b6fa-d84e9a7533f2,pkemmonspx@ask.com,2017-12-02 05:43:17.666
2ac5deb2-7f03-4b15-a059-b5447a0d7ec2,wcubboniz@si.edu,2016-07-25 11:54:18.036
18dc1b8a-3a2d-4905-8471-24996c5d75d5,cdonkelx@seattletimes.com,2016-09-05 17:22:48.299
e0b02844-7cba-4811-aa04-21b92770b0b5,btorrei5@typepad.com,2014-08-31 05:44:36.879
2205b8e3-aa66-4559-897e-9fd7698cefbd,abirnieqb@stanford.edu,2015-07-28 04:51:52.694
6ade72cd-ac94-4301-844a-66b7137ce234,rrosenstengelml@cocolog-nifty.com,2014-09-07 02:51:01.931
42a712c0-4bbb-4752-823a-5dc510325e6c,sbiles1c@free.fr,2014-02-20 22:34:46.532
5b1b14fb-7dbc-4828-a690-478bc45ce850,kwhitworth62@acquirethisname.com,2018-04-23 21:47:34.706
d9cc931a-50f9-4ae4-bc8f-b9e760ac8b0f,jhaddick8a@latimes.com,2017-08-25 06:40:11.458
f2016bf7-a1b4-4d35-9866-ea3162dc2d65,fgiamo6c@skyrock.com,2017-10-07 12:12:43.068
b215a31c-f127-415c-9ef7-89cbc4271755,ljexo1@ask.com,2016-01-29 20:56:44.293
ec64ffc2-b480-46ad-a7a4-65fd57d56bcd,omacbainj0@cdc.gov,2015-01-17 06:15:57.765
0c8a3370-c02b-4496-8ae8-3c553204d218,emattesev@youku.com,2017-03-03 06:35:37.811
9e00444b-2c46-47c0-aeea-1b6f7ad29a01,cpymerr3@who.int,2016-11-17 15:45:07.726
9a7576ad-6788-4e01-9b08-0b8382ae9ab9,adalinderdm@google.ru,2015-11-06 15:05:59.718
b53c4529-325f-4500-a15c-f3fe9666921b,ccurchermy@newsvine.com,2017-02-06 18:12:21.174
33035dab-1a9a-4694-bb70-5d3395e08c7d,cridingslt@infoseek.co.jp,2016-01-09 02:24:01.645
229591a9-64a2-4f38-80fa-f261b651c241,mmacgow7l@indiegogo.com,2018-05-28 18:33:05.689
9427f6fa-d737-4f29-8c05-291188e0bf9f,bfeareyfa@cdbaby.com,2015-03-09 21:25:15.916
8b78457e-3104-49ba-9942-ba147048d1a5,rkrabbee9@hubpages.com,2014-03-13 05:05:12.158
d80aea3c-43a5-4c84-8407-f6c685e22ebd,dyitzoviczk2@epa.gov,2014-03-14 03:12:56.294
78426dca-04ca-4ba4-8fa2-7233711a4861,itaguep7@naver.com,2017-08-31 04:16:42.453
a3873ef2-86df-467b-8a27-d713806cd129,ospawtonm9@earthlink.net,2018-04-03 20:52:41.458
1b77bfa3-6d0f-4813-834e-430aeed5608d,rarsey75@boston.com,2016-04-17 12:27:10.318
7ad2a743-dfc1-416e-a227-3b2e5b02dfe0,acaulwell1n@weather.com,2016-04-22 04:18:58.169
e4fe0d29-98c9-47bc-973c-e99de785ceb5,sclemoesic@cocolog-nifty.com,2014-10-02 12:35:35.124
e44578c3-1eff-4692-9226-ef463a0c7b11,spaye78@scientificamerican.com,2016-07-05 16:40:46.132
9fab9c8f-9d9b-40ca-b773-547b45ac767a,gcarlyon5p@ca.gov,2016-07-13 23:12:56.171
cd7366c4-41a2-46ab-bfab-8f5644b695bc,nchillesc@mtv.com,2015-08-29 19:03:13.051
fa4f348a-b107-4dd6-9b0b-dc2fb1f8e2b3,wrodenhurstja@histats.com,2017-08-07 20:13:43.904
04b57086-1d9b-4cbb-80d7-5898cb8fcc42,mmaccurtainoy@theguardian.com,2016-08-06 04:04:41.28
4bdc78e9-9dbd-455b-97b2-442cb8a34d63,klenoirrd@un.org,2018-08-23 21:46:33.041
53225337-6613-404e-bf26-3a6da12f36a4,hmcphilemylw@tiny.cc,2018-07-01 00:11:59.075
fe749452-4d07-43e4-8218-45acdf72b03f,dcarluccio32@tinyurl.com,2014-12-23 14:05:31.061
99413814-ee64-4236-a03c-f6ca1c148f06,rdewerkca@cafepress.com,2017-05-22 13:07:41.788
a0d205cc-6226-4dce-aec9-3b34732308cd,lduhameloq@soup.io,2016-09-06 16:32:39.83
3d78a5b9-0df0-42d7-9c29-c2135a949083,nmatches4c@studiopress.com,2014-09-30 15:53:28.335
1690d8da-10c5-4780-9b9e-25e9e45aec35,gbaukhamkc@sogou.com,2015-08-09 22:36:41.861
849bc084-eb95-47af-b733-3273919a8232,jrogierbx@vistaprint.com,2018-03-04 19:40:11.827
79b35232-a17d-42c0-bd19-39a221028dce,goley8b@businesswire.com,2018-06-19 13:15:20.92
67ba214b-625e-478a-b62c-956219a4229f,ccoaker14@constantcontact.com,2015-11-23 12:29:31.536
3f0c1347-cf22-42f7-87bd-cd0b1a047885,jrogierbx@vistaprint.com,2014-07-26 20:14:05.209
063aba0d-1f45-48b9-9e60-e5cbafbc821d,jtiltmanw@surveymonkey.com,2018-09-11 19:54:44.685
39acf581-6aee-4483-a6b8-e75653ff7801,emattesev@youku.com,2018-11-16 00:51:34.158
b131c41c-d69b-4110-8e9a-142d22c82450,kgornarhx@dailymotion.com,2017-01-22 15:23:48.091
ad22a8f6-b2ac-469f-9a8f-bd0d050b6a40,erockinghamy@pen.io,2015-12-08 09:24:53.424
1392a318-ebda-4d82-875f-8d36fad9e8c4,epuddle1j@1und1.de,2018-06-23 10:14:30.112
56187c19-ac2e-4da9-95f3-df20eafd945e,rturbittna@163.com,2018-02-17 12:24:14.845
c94fc5c9-7434-45f2-b22b-d0789e2470b1,gamieset@newsvine.com,2018-06-13 23:11:56.244
6d0e30c2-d8bf-4540-8655-b4dd187e329d,nnesterovqf@so-net.ne.jp,2015-12-03 15:04:52.783
0c02010c-5cf7-453c-ab5e-0d531253fcdd,kjuliffn3@usda.gov,2015-05-04 16:50:24.599
600647a1-0c05-447e-9538-fdd069fa021c,cketchaside2@nih.gov,2014-03-05 17:55:54.107
8f511081-c1db-4eb3-888e-25910c325c6f,bheddem@tripadvisor.com,2014-09-11 08:04:55.411
20bff7e5-80e7-42cb-988b-31c5a278fa72,mmartynka3n@guardian.co.uk,2017-11-07 10:12:50.83
a17ae1b5-c91a-4ab7-b28c-5e6f84db5713,tgolthorpp2d@smh.com.au,2015-08-18 06:47:13.621
c9236421-0d76-4eba-a90e-c20dda170da0,gvokes4s@nationalgeographic.com,2017-07-28 06:24:07.088
63b64398-d20b-40d3-9501-00e031964bfe,smanstonhh@bloglovin.com,2018-05-23 02:20:45.926
93b62ae1-e941-44bd-8ba6-8f22cb5d3833,lhatchman3a@paypal.com,2018-12-19 19:44:35.829
070f156a-5e3c-48b1-a21e-c53aea696048,hzanotti38@t.co,2018-11-19 06:07:17.461
4b6d77c4-ed74-4b7c-b104-a162960602b5,hlenardne@wufoo.com,2018-09-11 02:25:10.385
0e8fe20f-fa30-4af9-9ac4-06995d7440a0,dwoltering4p@twitpic.com,2016-05-21 10:22:49.104
0d61cd37-9008-47b4-ab3c-edb1be003a10,rrosenstengelml@cocolog-nifty.com,2017-06-08 04:02:36.741
0c5ed81d-715b-4f1d-8c28-3eafddaa1c79,glittleproudl7@unc.edu,2017-02-10 06:35:08.945
c70e63f2-bd7b-4fcf-9c35-3c131bb4f8b0,ariccahm@macromedia.com,2015-07-16 01:10:27.202
9dd7b4c6-d4b7-43b0-adbd-8bd9a8181326,mbearcroft3d@slideshare.net,2016-12-22 21:45:23.083
95ebfbb0-c9f6-4b12-80a7-972991bfef66,ljobbdh@sourceforge.net,2015-11-05 01:27:56.925
521dcac7-4398-4ac4-a80b-2635d8e79361,lezzlel6@blinklist.com,2016-12-07 14:30:29.812
83dd192d-9a03-4aeb-bce8-0451286a956d,cdobesonni@skyrock.com,2016-02-28 18:19:31.504
4503b12a-178a-4ee4-a3ef-bd7131c9bbca,gboykettcd@illinois.edu,2014-02-16 19:41:24.928
37411224-33dc-4593-be73-a5b5dbfee618,rmarkwellmv@cornell.edu,2015-04-04 07:54:05.08
2bfa38c4-75d1-4f12-981f-3265eb0a3d01,iconroy9g@dagondesign.com,2017-01-05 07:34:13.303
abe52bbb-e1ce-4e95-8a46-4f5fdf2be456,esimonettiep@ucoz.ru,2018-08-27 18:41:52.749
b2b7563d-ae78-4843-b580-b272f0b71f81,dors43@digg.com,2015-05-28 15:50:30.516
c3da1f38-079e-4caf-b63d-c27e6550a855,tskellingtonbu@nature.com,2014-01-17 07:49:34.26
65a28679-3ba6-431d-ab03-01152eff0226,dhuelinde@icio.us,2014-02-19 21:11:08.853
e41031d3-e442-4c71-878e-f9a7f31f7437,bhaistwellb9@unblog.fr,2017-07-09 19:10:13.338
863322da-bf40-4fe8-af66-f5497aaef0ec,lparkhousely@craigslist.org,2014-12-09 04:45:54.76
c140b3e1-7fd9-4f20-87a6-f3e7ab2f9782,nvowells5@theatlantic.com,2014-11-09 07:20:46.522
c228a13e-b95c-4ddf-acd1-96042e217505,mmapholm20@xing.com,2015-04-22 12:30:37.186
ba128831-69a5-41db-a5a5-ec0b8c89b82c,wvatinio8@4shared.com,2017-07-12 12:52:29.031
680c3949-f2a3-46d1-9dd4-6251b32c4535,kmessenbirdgv@vistaprint.com,2016-03-06 09:18:19.4
edf250d6-3887-45a4-9ccf-c0e6db44e72d,scraddyag@usgs.gov,2018-07-15 19:31:22.785
e244b8a2-c026-445a-91f1-33261a32af27,agrimwoodi6@timesonline.co.uk,2017-11-28 14:52:15.458
cd868668-ca0f-4d80-9269-6bfd472e55c5,ebyromok@com.com,2015-06-07 21:14:31.934
0ea87e6a-05f8-4d76-bd61-9182abaa22d3,ccoaker14@constantcontact.com,2014-09-16 11:32:11.077
3c1bb161-941c-4545-83f2-cc9468978830,cgrissettre@symantec.com,2018-03-26 07:46:58.085
a75e8130-555b-4109-8939-1a05713e2df7,gmabbett2j@dropbox.com,2016-11-15 20:44:40.667
8e329b08-8040-48de-befb-0457787dd52c,aizkovicinn@github.io,2018-06-06 07:04:05.223
62412cd3-8f98-4baa-8083-9de8031f7310,gcoadygq@dot.gov,2017-06-24 11:50:25.905
185c94ac-1a0e-431e-8fb2-35a8cf7b18a9,egrievespg@cafepress.com,2017-09-25 23:16:22.659
e5d5c7ec-b49e-4b59-b6c5-1abc5efc98c3,rwottons@imdb.com,2014-04-04 11:14:55.753
ffedb25c-9a8b-4a6e-bfbd-34f43d7597dd,mdasgc@xrea.com,2016-11-01 02:33:59.014
0e3d4de8-4c6c-4fec-8c03-4d9f5937be90,tfilyashinnz@godaddy.com,2017-04-25 01:14:48.388
ce604abb-ec60-4c91-8460-969a1957f196,rhendrickb3@jiathis.com,2017-10-22 07:00:11.672
96c58f9a-e486-487f-a804-ef0643fcd192,wraigattav@amazon.de,2017-04-13 04:05:13.618
23100803-8d35-41ba-a5c3-d2c9895207d6,ftoplink5@sciencedaily.com,2018-04-28 18:23:39.918
83c65b46-c923-4bdc-868b-4bd42bc49b24,cleason6f@yahoo.co.jp,2015-05-08 12:57:37.193
28276530-d4b9-4bdf-9ff7-9ae23b3e0e35,rbessonim@phoca.cz,2017-05-23 13:16:47.742
4654164f-9199-40bd-8a1e-aa398b335a55,mrubinlichtfp@kickstarter.com,2017-04-22 14:51:15.43
34add89f-3642-4eb1-b9dc-4e4c82913f61,nkruschov74@java.com,2018-12-10 03:56:55.482
4aedb1ff-85c5-4ed5-b555-c1233c2ed10f,kproughtenjp@xinhuanet.com,2015-05-21 14:28:31.59
9e6ee437-a7ed-46d0-a948-534003f84d98,swickwar12@lulu.com,2015-07-31 15:37:42.542
3e4bea39-b87b-46d5-ab06-9bcb6328af46,fbullar49@examiner.com,2014-07-09 00:55:44.08
180a83b4-47cc-4034-8904-144851c8c536,mmulleri0@ca.gov,2017-04-08 11:51:47.744
fcb7bdd1-937f-4587-8d69-b1c1bc321da1,jtanner40@guardian.co.uk,2017-10-03 05:58:34.302
121ba9cb-132e-4f80-a619-9a9f7cac62ec,etottemqc@icio.us,2018-09-27 23:26:13.023
b1e625bf-8a96-4f68-a22f-c76fb859df5c,nlovelacebk@wordpress.org,2018-05-27 18:06:02.194
cbcbb1da-aee0-4d0f-893c-0151346c5a32,pdymottal@cbsnews.com,2014-05-08 19:29:17.139
52523c00-3397-48ee-a99e-2b7f7be02a32,cpechelh@goo.gl,2016-06-17 23:23:01.509
0c193d4a-6a58-46df-acf9-cb7041ee06ad,dpatkin84@weebly.com,2014-05-30 08:23:59.15
24c93d0b-3b5e-4fe0-aa9d-6808245ff1d3,ablasettilm@uol.com.br,2016-03-27 16:05:57.627
6a9d7225-b467-4a8f-bb1c-2ea622a9efc5,csemkenn1@ning.com,2016-06-08 23:30:57.242
ffa2ab6e-f978-46e9-94be-1b4a08416487,gduplantier5r@mail.ru,2017-10-12 07:47:52.738
0669cdf9-5b3a-4bdd-a157-e49c762863c1,rskilleh@apache.org,2014-06-23 08:23:06.458
e791e367-412c-42f1-af77-90c39a3dd767,mmulleri0@ca.gov,2014-11-20 23:07:09.293
ef3aa51d-a307-4054-828a-c75df7dc7ae3,nmortlockl4@baidu.com,2017-02-18 00:54:37.071
7e390ac7-1418-432a-8541-f91032e52afd,bhaistwellb9@unblog.fr,2014-05-26 14:11:10.751
1a7a61d5-786a-48de-a8b0-5d1bfdf9f9c6,jivanind3@slate.com,2014-08-22 12:43:20.293
8e632527-3ba4-4748-b9e3-38b14a13c5cf,iastillcj@bloglines.com,2017-03-04 06:10:39.871
125ad7b3-1fbe-4556-88c1-1c633ce02aeb,ddispencer9a@ihg.com,2018-04-24 13:16:19.637
9d0ea00b-4fbd-438a-ad68-7766982288c2,sgirardyrl@networkadvertising.org,2014-07-24 14:13:59.372
09503029-0137-48c8-8e19-0c94b2e968fb,dmcalpin3i@blog.com,2016-05-24 04:04:48.749
24552660-9114-4efd-9df7-48b5489d1e02,tdefranciscikl@auda.org.au,2015-12-06 16:59:48.854
093b7b65-6b55-4b3d-ad06-38df9cf59c7f,ncoultg7@webs.com,2017-01-16 20:37:11.551
3c21dc80-ce47-4f65-a8ef-58471cc5a548,ewitherspoonpk@ebay.com,2014-04-03 04:44:17.132
1c78de94-58be-4c51-b5c0-6c40dd38c239,rbeinm6@globo.com,2016-07-15 09:30:03.006
eec06436-ca4a-4047-bedd-81d167668914,relverstonek4@webnode.com,2016-10-06 19:17:19.035
d94ba859-3212-4bf5-b669-4f2a4644a27c,bboughenpm@xing.com,2015-10-11 15:43:34.824
10c1d501-b83e-4f3f-9e52-644e71d0bf53,rpilkingtonlg@cnbc.com,2018-09-21 18:28:15.052
59823ca5-e7cd-412b-aff9-0ec92fb4d125,ccranra@woothemes.com,2017-10-17 08:57:17.717
30b51267-ce07-4600-9526-2e8214ae5e7c,fpetranek4m@pagesperso-orange.fr,2015-01-05 08:52:37.482
e3db4da1-87f7-42a5-bb74-72af64e73fbf,lroelofsenb7@printfriendly.com,2014-04-14 10:54:31.4
dcff6390-9232-45ea-acb5-e2e2e5761c1c,hfenelon2t@hugedomains.com,2017-01-15 07:00:28.588
cd513017-06d2-47ee-b812-32129928c95a,hstoteih@jalbum.net,2014-03-23 16:56:27.486
2cf56239-cc67-4176-97c2-f34cbb76b025,fdunican9s@cisco.com,2016-03-28 03:17:57.356
195648be-0283-4d35-9857-257c654d2be3,pstratten1h@chicagotribune.com,2016-03-08 04:17:54.028
a0375130-0c3e-483b-9449-27d5c0f8b0d2,emorandk@springer.com,2017-05-19 17:15:25.043
20d7ac4f-f142-474e-a186-3d568dc68c66,etowe1f@unesco.org,2016-12-10 02:33:29.529
30c576e0-6477-4c05-b85e-f39d79a3ee67,calishoner5c@jiathis.com,2016-12-07 15:27:59.871
32b2c7fa-d32a-4104-ae6f-2740bf3ffa39,jdurrettkk@theglobeandmail.com,2014-05-29 22:19:05.29
0cfbe171-4250-46f4-a42d-f08127fd0b44,bmchan3y@elpais.com,2017-01-21 00:37:08.346
1519f2e6-94e2-47de-b144-ea53e41113f2,lcavete4@weather.com,2017-02-02 14:28:51.51
79cce65f-6927-4a1a-8de6-1cb07339613c,hmastermanoe@paypal.com,2018-07-27 18:23:23.434
9f82e1a0-6bc8-4c39-bade-f0082772adf2,ebjerkan6r@jigsy.com,2015-08-08 16:11:18.126
cb577705-ac2c-4d32-b8fd-cbc0a5d7a57b,kmaevela8v@blinklist.com,2018-01-03 03:59:03.899
eddb39cc-3dfc-49a0-9805-ec29844a295c,ebalasinibe@imgur.com,2018-03-20 13:23:03.428
7598e05f-477d-4aca-b0f3-c69e58796c21,bwinmillfr@unc.edu,2017-06-19 09:48:51.634
8b7eb650-6ef5-47ff-ad72-01873e4d54e8,cpymerr3@who.int,2017-04-27 05:49:13.462
a29ed90a-b354-4d65-b480-c9b39ddfdd4a,gparfettbf@usda.gov,2018-09-06 09:23:49.343
650b3350-8fbb-45f0-b036-3da1cf4d1658,mjohananovmt@goo.ne.jp,2017-11-12 02:55:56.201
b66ec508-921b-48df-b006-4234b561f024,shazled0@sciencedirect.com,2018-02-21 14:05:52.831
64c1c6ba-1a0d-4ea0-9e24-2962d0de46c9,mhinrichs9n@princeton.edu,2017-10-27 22:44:50.753
24a43ee5-a90f-4478-b912-dca4895395fa,ccicconettii7@wordpress.com,2015-09-19 17:09:47.769
07cd5852-17fc-4cd9-a369-542ef0298446,malenichicovc7@upenn.edu,2018-09-28 02:44:54.193
ac727b8a-2c83-4fee-9c3d-4b9cd6905696,hdaskiewicz1e@ca.gov,2018-12-26 09:55:21.881
fe81ea8f-d9d0-4c9e-bfeb-fc6ca7a35809,ccrokec3@edublogs.org,2017-06-17 02:00:30.417
e88b381e-e448-4a24-ac6a-fa0da0b520c4,hbollom7z@mapy.cz,2015-11-05 23:34:40.439
b0269d4e-1759-4359-a612-0e4105a3977c,ephliponpy@smh.com.au,2014-10-29 09:51:29.076
2ef854e3-0aec-4c87-b85d-55b40567e148,ncartinpa@discovery.com,2018-01-15 09:35:55.627
73d34799-6428-4e39-b6e9-ee8f7fc77f80,dcecilo4@vinaora.com,2018-11-06 16:57:55.897
8c5dbbfc-155b-4c18-8fe6-814fa2c06fa4,gcarlyon5p@ca.gov,2015-10-10 23:20:24.185
5a253e70-05b7-4136-be23-1ebcdf9807c7,pmackaileq5@wordpress.org,2014-08-04 01:05:45.253
f11553a9-302b-42f3-9b0a-bc6d79063283,ashilluma2@psu.edu,2017-09-29 20:19:27.325
91da872a-8fac-4182-a25d-dc3d93d11d1c,rpaniman9t@tuttocitta.it,2014-08-12 13:17:36.272
1b3bd02d-ab79-4197-9117-e8df87bc7d28,qeglaisel2@github.com,2017-08-02 04:22:59.367
385526a1-2f2f-4ab9-a862-4238fc9d9edd,wseamonsq6@economist.com,2017-11-07 11:41:54.67
d58024d7-2e68-4e3c-88e6-691c9ffc18ac,cpairpoint98@buzzfeed.com,2018-03-27 13:30:25.619
75193a27-e1f9-4a05-8df7-3a653d27eecb,glittleproudl7@unc.edu,2017-12-03 02:53:27.194
3c953734-cc30-4823-ade5-ae4b4934d2dc,tskeffingtonjt@toplist.cz,2014-05-11 11:35:32.781
41e8e51f-b820-4f63-b954-6960202f80a0,sreussr9@webeden.co.uk,2014-11-28 07:55:07.001
6f0449fd-adf4-40c0-a8ea-1574ea539e28,scraddyag@usgs.gov,2015-08-06 15:30:07.753
06ec18bc-103f-409b-b4ac-d1d9b6e4f48f,mconers3e@buzzfeed.com,2014-12-19 01:12:23.88
9e18ce98-255b-4a32-b377-d7a938fd785d,gclappertonlv@cloudflare.com,2017-05-04 12:10:44.754
a8320ed0-277d-4411-bdf3-f199dc36d01a,middensfc@discuz.net,2018-03-31 01:38:24.984
09612fde-8e00-4abd-8097-656da410ac30,lkendrew8u@g.co,2016-02-22 11:55:53.732
bdb2e5f0-6352-4763-ab2e-ddb0b357de61,lnucator4t@uiuc.edu,2016-04-27 06:46:47.906
aec6551d-4b62-467a-ab36-a47f488aaf0d,rleathemht@blog.com,2018-11-23 03:22:57.917
e7b09e4a-2838-4b93-89d7-487b787edaad,pagott6o@biglobe.ne.jp,2017-07-10 10:43:04.165
c4b904f1-4864-46f8-b2c3-14f0461b3384,jtanner40@guardian.co.uk,2016-04-25 12:54:27.821
afb8b5bc-84b7-477a-a424-ffa59118227a,eindruch8o@woothemes.com,2017-04-16 03:25:34.5
95991b45-73e2-49a7-b5ae-748c18fa5367,kblondel8c@howstuffworks.com,2014-12-20 23:46:38.388
e0d92699-6c86-4906-8ab3-005105c9c3e2,jaymericfy@vistaprint.com,2018-08-01 20:08:37.946
df2ebd5f-c480-43dd-aa1d-dbcb785a2dff,pfossittpb@cpanel.net,2014-04-22 10:05:11.615
fdc2a2f1-a613-4efa-a0ff-b15aaaba0a06,gwindle39@livejournal.com,2016-06-28 18:19:42.521
63f0b9c0-4e98-4c0f-ad39-eecae7a2f3df,mstuther81@people.com.cn,2014-07-11 10:38:25.284
da88237a-02d5-4f33-8416-491c6931b588,mlangstonrh@umn.edu,2017-11-14 11:25:30.627
ec66a5a0-0dcc-4a5e-8954-83a6098f06a1,bbielfeld5g@prnewswire.com,2018-11-17 20:22:19.792
0088045d-298c-4e6f-959f-f5cc88da6d14,wcrumpdu@microsoft.com,2017-06-08 09:00:52.336
fc03e61c-5e26-4d2b-bf80-4f431ceb9a17,fbruckshaw4q@gizmodo.com,2016-08-14 09:09:46.68
768c1663-41cf-4481-9c8d-77b6756a6e50,etottemqc@icio.us,2015-01-05 17:24:07.588
158147bd-6efe-4288-b374-f4c4e48bcca1,ogeavenye1@de.vu,2015-02-27 14:28:47.273
dc378f61-0ac6-4fae-b1a6-25d01610ae36,ogives6u@wikipedia.org,2015-03-29 02:33:37.157
96418883-115e-4fdf-a265-21fe771ec15f,malvarezbs@samsung.com,2016-06-24 15:46:46.65
db47c3c4-a2bf-42ff-beea-5564782d25e5,spallyg2@noaa.gov,2015-05-05 12:05:43.357
1c0deedc-a452-4165-be28-aa68e65c00e3,bjeannon36@wikispaces.com,2015-04-21 08:16:31.891
a104cd57-7f4f-486b-8e00-d28a4d9d10c7,bmaffiakt@themeforest.net,2017-07-01 22:13:42.565
542526a3-db6f-4cce-b2c4-e59ec203f0e0,aaudusgs@flavors.me,2017-11-10 09:15:45.311
7bca1c6f-d40a-4ee2-b82d-259843ebcd08,dkoresoh@etsy.com,2016-09-16 01:15:54.223
c95e6d20-4912-4148-832b-36ce4173b784,mhastwelloc@github.io,2016-02-27 17:34:35.744
f2bfe68e-9116-4781-b3cf-1ae183d2b700,mmulleri0@ca.gov,2018-01-11 12:44:20.268
6799fe76-0385-45a6-9fd6-e204e2a3c28f,cchallenor7a@jigsy.com,2015-06-06 04:44:17.632
d0c984fb-119d-4adb-bc33-7dd33032e7ba,mmacgow7l@indiegogo.com,2014-05-08 21:12:58.011
390df195-76e7-4ea5-99e8-35ff3753a196,rjandoureka0@odnoklassniki.ru,2015-11-29 14:40:13.278
7edfa5fa-b0ce-4efb-a0b5-94b3aeb3c4d1,palessandrinimm@princeton.edu,2018-04-27 18:53:40.847
d01e8d89-0f4a-48db-a22e-6679036d1d20,smcdade21@amazonaws.com,2018-10-26 02:26:21.013
42cd5854-2945-4e20-b771-d1d8b9988807,bsollandjz@hp.com,2017-06-16 03:01:59.901
8147d86c-c7c7-44e7-a6d7-838d08f51d19,emostenah@shop-pro.jp,2017-09-23 21:41:06.576
9142f3d5-51e3-4fcd-8ac8-bdfe4ccb5cd8,adevaenp3@google.com.au,2015-08-28 11:57:13.606
2fe1dd71-467a-4832-a8a0-41b6d62c09af,kturevillea7@cbsnews.com,2016-02-04 16:02:05.614
2c726dad-e5d6-4a12-a2bb-49bc41e07541,bdudgeonpq@nytimes.com,2015-09-24 22:50:16.341
20c4fc8c-0221-4598-92ad-a2b582ac4f56,yrosbothamjg@dailymail.co.uk,2015-02-25 21:51:01.727
26445851-ef81-4773-8a68-7935df4d7b74,mdasgc@xrea.com,2016-03-13 09:01:23.447
7dd458bb-be13-4e11-be47-4e2738a8b0b1,itaguep7@naver.com,2015-03-08 18:31:28.911
7824d102-fe5a-41af-912f-6b350f0ba5d9,mahmadny@pinterest.com,2017-07-27 00:47:47.064
66ad9991-2a2e-46ea-99cb-be653754b645,kcluelowdv@clickbank.net,2017-10-11 10:59:40.84
864eea3e-2372-4df5-be41-7e375b682523,rhuytonqd@cnn.com,2014-10-19 19:54:35.551
3bb60575-da39-4314-bbca-8ac3e44e0a07,dcecilo4@vinaora.com,2014-09-16 18:36:43.406
59e515f3-91f0-4be1-b306-99103ca83525,aeloi5z@smugmug.com,2018-04-14 03:14:17.246
